ID	Name	Alignment	Publisher	Names	Race	Gender	Image
1	A-Bomb	good	Marvel Comics	Rick Jones	Human	Male	https://www.superherodb.com/pictures2/portraits/10/100/10060.jpg
2	Abe Sapien	good	Dark Horse Comics	Langdon Everett Caul,Abraham Sapien,Langdon Caul	Icthyo Sapien	Male	https://www.superherodb.com/pictures2/portraits/10/100/956.jpg
3	Abin Sur	good	DC Comics	Lagzia	Ungaran	Male	https://www.superherodb.com/pictures2/portraits/10/100/1460.jpg
4	Abomination	bad	Marvel Comics	Agent R-7,Ravager of Worlds	Human / Radiation	Male	https://www.superherodb.com/pictures2/portraits/10/100/1.jpg
5	Abraxas	bad	Marvel Comics	-	Cosmic Entity	Male	https://www.superherodb.com/pictures2/portraits/10/100/181.jpg
6	Absorbing Man	bad	Marvel Comics	"Greithoth,""Crusher"" Creel,Rocky Davis,Dynamite Davis,Lightningbolt,Prisoner #24957"	Human	Male	https://www.superherodb.com/pictures2/portraits/10/100/1448.jpg
7	Adam Monroe	good	NBC - Heroes	Takezo Kensei,Richard Sanders	null	Male	https://www.superherodb.com/pictures2/portraits/10/100/1026.jpg
8	Adam Strange	good	DC Comics	Warrior of Two Worlds,Savior of Rann	Human	Male	https://www.superherodb.com/pictures2/portraits/10/100/626.jpg
9	Agent 13	good	Sharon Carter	-	null	Female	https://www.superherodb.com/pictures2/portraits/10/100/167.jpg
10	Agent Bob	good	Marvel Comics	Bob,agent of Hydra,Bob,agent of A.I.M	Human	Male	https://www.superherodb.com/pictures2/portraits/10/100/10255.jpg
11	Agent Zero	good	Marvel Comics	Maverick	null	Male	https://www.superherodb.com/pictures2/portraits/10/100/396.jpg
12	Air-Walker	bad	Marvel Comics	-	null	Male	https://www.superherodb.com/pictures2/portraits/10/100/1358.jpg
13	Ajax	bad	Marvel Comics	"""Frankie"",the A-Man,the Attending"	Cyborg	Male	https://www.superherodb.com/pictures2/portraits/10/100/10422.jpg
14	Alan Scott	good	DC Comics	Green Lantern,White King,Sentinal	null	Male	https://www.superherodb.com/pictures2/portraits/10/100/698.jpg
15	Alex Mercer	bad	Wildstorm	Prototype,Zues,Blacklight	Human	Male	https://www.superherodb.com/pictures2/portraits/10/100/10398.jpg
16	Alex Woolsly	good	NBC - Heroes	-	null	Male	https://www.superherodb.com/pictures2/portraits/10/100/1309.jpg
17	Alfred Pennyworth	good	DC Comics	Alfred Beagle	Human	Male	https://www.superherodb.com/pictures2/portraits/10/100/628.jpg
18	Alien	bad	Dark Horse Comics	-	Xenomorph XX121	Male	https://www.superherodb.com/pictures2/portraits/10/100/10449.jpg
19	Allan Quatermain	good	Wildstorm	-	null	Male	https://www.superherodb.com/pictures2/portraits/10/100/630.jpg
20	Amazo	bad	DC Comics	Professor Ivos Amazing Android,Timazo,Humazo,Hourmazo	Android	Male	https://www.superherodb.com/pictures2/portraits/10/100/1390.jpg
21	Ammo	bad	Marvel Comics	-	Human	Male	https://www.superherodb.com/pictures2/portraits/10/100/184.jpg
22	Ando Masahashi	good	NBC - Heroes	Huggerz69,Sidekick	null	Male	https://www.superherodb.com/pictures2/portraits/10/100/1310.jpg
23	Angel	good	Dark Horse Comics	Angelus,Twilight	Vampire	Male	https://www.superherodb.com/pictures2/portraits/10/100/10431.jpg
24	Angel	good	Archangel	Formerly Death,Dark Angel,Angel,Avenging Angel,Archangel	null	Male	https://www.superherodb.com/pictures2/portraits/10/100/829.jpg
25	Angel Dust	good	Marvel Comics	Angel,Dusty	Mutant	Female	https://www.superherodb.com/pictures2/portraits/10/100/10405.jpg
26	Angel Salvadore	good	Tempest	Tempest	null	Female	https://www.superherodb.com/pictures2/portraits/10/100/1406.jpg
27	Angela	bad	Image Comics	-	null	Female	https://www.superherodb.com/pictures2/portraits/10/100/1070.jpg
28	Animal Man	good	DC Comics	The Human Zoo; A-Man; The Man with Animal Powers	Human	Male	https://www.superherodb.com/pictures2/portraits/10/100/632.jpg
29	Annihilus	bad	Marvel Comics	The Living Death That Walks,Lord of the Negative Zone	null	Male	https://www.superherodb.com/pictures2/portraits/10/100/1307.jpg
30	Ant-Man	good	Giant-Man	Hank Pym,Doctor Pym,Ant-Man,Goliath,Yellowjacket,Wasp,Earth's Scientist Supreme	Human	Male	https://www.superherodb.com/pictures2/portraits/10/100/857.jpg
31	Ant-Man II	good	Marvel Comics	Myrmidon,Scott Edward Harris Lang	Human	Male	https://www.superherodb.com/pictures2/portraits/10/100/166.jpg
32	Anti-Monitor	bad	DC Comics	Monitor,Mobius	God / Eternal	Male	https://www.superherodb.com/pictures2/portraits/10/100/1292.jpg
33	Anti-Spawn	bad	Image Comics	Redeemer	null	Male	https://www.superherodb.com/pictures2/portraits/10/100/1071.jpg
34	Anti-Venom	-	Toxin	Eddie,Edwin Brock,Venom,Lethal Protector,White Venom,998th	Symbiote	Male	https://www.superherodb.com/pictures2/portraits/10/100/1485.jpg
35	Apocalypse	bad	Marvel Comics	The Eternal One,the High Lord,Set,Huitxilopochti,Sauru,Kali-Ma	Mutant	Male	https://www.superherodb.com/pictures2/portraits/10/100/852.jpg
36	Aquababy	good	DC Comics	-	null	Male	https://www.superherodb.com/pictures2/portraits/10/100/1389.jpg
37	Aqualad	good	DC Comics	-	Atlantean	Male	https://www.superherodb.com/pictures2/portraits/10/100/1395.jpg
38	Aquaman	good	DC Comics	Dweller in the Depths,Swimmer,Waterbearer,Mental Man,Aquaboy,Water Wraith	Atlantean	Male	https://www.superherodb.com/pictures2/portraits/10/100/634.jpg
39	Arachne	good	Marvel Comics	Spider-Woman,Madame Web	Human	Female	https://www.superherodb.com/pictures2/portraits/10/100/882.jpg
40	Archangel	good	Angel	War,Dark Angel,Death,Avenging Angel	Mutant	Male	https://www.superherodb.com/pictures2/portraits/10/100/838.jpg
41	Arclight	bad	Marvel Comics	-	null	Female	https://www.superherodb.com/pictures2/portraits/10/100/832.jpg
42	Ardina	good	Marvel Comics	-	Alien	Female	https://www.superherodb.com/pictures2/portraits/10/100/10132.jpg
43	Ares	good	Marvel Comics	God of War,Mister Talon,Mars,Warhawk	null	Male	https://www.superherodb.com/pictures2/portraits/10/100/1118.jpg
44	Ariel	good	Marvel Comics	-	null	Female	https://www.superherodb.com/pictures2/portraits/10/100/1348.jpg
45	Armor	good	Marvel Comics	X-Girl,Kid	null	Female	https://www.superherodb.com/pictures2/portraits/10/100/1347.jpg
46	Arsenal	good	Speedy	-	Human	Male	https://www.superherodb.com/pictures2/portraits/10/100/1014.jpg
47	Astro Boy	good	null	-	null	Male	https://www.superherodb.com/pictures2/portraits/10/100/1159.jpg
48	Atlas	good	Goliath	Power Man,Smuggler,Goliath,Shatterfist,Intruder from Beyond,Edward Jantzen	Mutant	Male	https://www.superherodb.com/pictures2/portraits/10/100/878.jpg
49	Atlas	bad	DC Comics	Atlas the Great,Atlas the Untamed	God / Eternal	Male	https://www.superherodb.com/pictures2/portraits/10/100/10838.jpg
50	Atom	good	DC Comics	Little Superman,the Mighty Mite	null	Male	https://www.superherodb.com/pictures2/portraits/10/100/934.jpg
51	Atom	good	DC Comics	-	null	Male	https://www.superherodb.com/pictures2/portraits/10/100/1379.jpg
52	Atom Girl	good	DC Comics	Shrinking Violet	null	Female	https://www.superherodb.com/pictures2/portraits/10/100/1180.jpg
53	Atom II	good	DC Comics	The Mighty Mite,the Tiny Titan,the World's Smallest Hero	Human	Male	https://www.superherodb.com/pictures2/portraits/10/100/938.jpg
54	Atom III	good	DC Comics	-	null	Male	https://www.superherodb.com/pictures2/portraits/10/100/939.jpg
55	Atom IV	good	DC Comics	-	null	Male	https://www.superherodb.com/pictures2/portraits/10/100/940.jpg
56	Aurora	good	Marvel Comics	Sister Beaubier	Mutant	Female	https://www.superherodb.com/pictures2/portraits/10/100/1289.jpg
57	Azazel	bad	Marvel Comics	Semihazah,Duma,Keriel,Mastema,Beliar,Gadreel,Beelzebub,Satan	Neyaphem	Male	https://www.superherodb.com/pictures2/portraits/10/100/1481.jpg
58	Azrael	good	DC Comics	Bat-Devil; Bat-Ghost	Human	Male	https://www.superherodb.com/pictures2/portraits/10/100/1532.jpg
59	Aztar	good	Spectre	Spirit of Vengeance	null	Male	https://www.superherodb.com/pictures2/portraits/10/100/1012.jpg
60	Bane	bad	DC Comics	-	Human	Male	https://www.superherodb.com/pictures2/portraits/10/100/637.jpg
61	Banshee	good	Marvel Comics	Death	Human	Male	https://www.superherodb.com/pictures2/portraits/10/100/26.jpg
62	Bantam	good	Marvel Comics	-	null	Male	https://www.superherodb.com/pictures2/portraits/10/100/229.jpg
63	Batgirl	good	Oracle	Oracle,Bluebelle	Human	Female	https://www.superherodb.com/pictures2/portraits/10/100/1111.jpg
64	Batgirl	good	Hawkfire	Bette Kane,Bat-Girl	null	Female	https://www.superherodb.com/pictures2/portraits/10/100/638.jpg
65	Batgirl III	good	Huntress	-	null	Female	https://www.superherodb.com/pictures2/portraits/10/100/1112.jpg
66	Batgirl IV	good	DC Comics	Kasumi,various mundane persona,	Human	Female	https://www.superherodb.com/pictures2/portraits/10/100/1113.jpg
67	Batgirl V	good	Misfit	-	null	Female	https://www.superherodb.com/pictures2/portraits/10/100/1115.jpg
68	Batgirl VI	good	Spoiler	Steph,Robin,Marion Todd,Spoiler	null	Female	https://www.superherodb.com/pictures2/portraits/10/100/1398.jpg
69	Batman	good	DC Comics	Batman II,The Tomorrow Knight,The second Dark Knight,The Dark Knight of Tomorrow,Batman Beyond	Human	Male	https://www.superherodb.com/pictures2/portraits/10/100/10441.jpg
70	Batman	good	DC Comics	Insider,Matches Malone	Human	Male	https://www.superherodb.com/pictures2/portraits/10/100/639.jpg
71	Batman II	good	Nightwing	Dick Grayson	Human	Male	https://www.superherodb.com/pictures2/portraits/10/100/1496.jpg
72	Battlestar	good	Marvel Comics	Bucky	null	Male	https://www.superherodb.com/pictures2/portraits/10/100/231.jpg
73	Batwoman V	good	DC Comics	-	Human	Female	https://www.superherodb.com/pictures2/portraits/10/100/10234.jpg
74	Beak	good	Marvel Comics	Blackwing	null	Male	https://www.superherodb.com/pictures2/portraits/10/100/232.jpg
75	Beast	good	Marvel Comics	Dr. McCoy,Hanko,Kreature,Mutate #666,Magilla Gorilla,Golden Armed Boy	Mutant	Male	https://www.superherodb.com/pictures2/portraits/10/100/27.jpg
76	Beast Boy	good	DC Comics	Changeling,Beast-Brat,Green Jeans,Salad-head,Sprout,Tork,Craig Logan	Human	Male	https://www.superherodb.com/pictures2/portraits/10/100/640.jpg
77	Beetle	bad	Marvel Comics	-	null	Male	https://www.superherodb.com/pictures2/portraits/10/100/1122.jpg
78	Ben 10	good	DC Comics	Ben Ten	null	Male	https://www.superherodb.com/pictures2/portraits/10/100/1365.jpg
79	Beta Ray Bill	good	Marvel Comics	Beta Ray Thor,Simon Walters	null	Male	https://www.superherodb.com/pictures2/portraits/10/100/28.jpg
80	Beyonder	good	Marvel Comics	Ataxi,The Beyond Realm,Frank,Goblin Force,Goblin King,Goblyn King,Goblin Queen,The One From Beyond,God,Kosmos,Maker	God / Eternal	Male	https://www.superherodb.com/pictures2/portraits/10/100/1293.jpg
81	Big Barda	bad	DC Comics	Barda,the Strongest Woman in the World	New God	Female	https://www.superherodb.com/pictures2/portraits/10/100/1169.jpg
82	Big Daddy	good	Icon Comics	-	null	Male	https://www.superherodb.com/pictures2/portraits/10/100/1338.jpg
83	Big Man	bad	Marvel Comics	Patch	null	Male	https://www.superherodb.com/pictures2/portraits/10/100/1038.jpg
84	Bill Harken	good	SyFy	-	Alpha	Male	https://www.superherodb.com/pictures2/portraits/10/100/1527.jpg
85	Billy Kincaid	bad	Image Comics	-	null	Male	https://www.superherodb.com/pictures2/portraits/10/100/1072.jpg
86	Binary	good	Captain Marvel	Ms. Marvel,Binary	null	Female	https://www.superherodb.com/pictures2/portraits/10/100/30.jpg
87	Bionic Woman	good		Clarissa Whyte	Cyborg	Female	https://www.superherodb.com/pictures2/portraits/10/100/10648.jpg
88	Bird-Brain	good	Marvel Comics	Bird-Boy	null	-	https://www.superherodb.com/pictures2/portraits/10/100/240.jpg
89	Bird-Man	bad	Marvel Comics	-	Human	Male	https://www.superherodb.com/pictures2/portraits/10/100/1503.jpg
90	Bird-Man II	bad	Marvel Comics	-	Human	Male	https://www.superherodb.com/pictures2/portraits/10/100/1504.jpg
91	Birdman	good	Hanna-Barbera	Bird-Man,Harvey Birdman,Ray Randal,Harvey Birdman Attorney at Law,Harry,Henry,Birdbath,Bootyliciuos	God / Eternal	Male	https://www.superherodb.com/pictures2/portraits/10/100/1506.jpg
92	Bishop	good	Marvel Comics	Archbishop	Mutant	Male	https://www.superherodb.com/pictures2/portraits/10/100/31.jpg
93	Bizarro	neutral	DC Comics	-	Bizarro	Male	https://www.superherodb.com/pictures2/portraits/10/100/642.jpg
94	Black Abbott	bad	Marvel Comics	Lord Abbott	null	Male	https://www.superherodb.com/pictures2/portraits/10/100/1049.jpg
95	Black Adam	bad	DC Comics	Hassan Bari,Theo Adam,Mighty Adam,Khem-Adam	null	Male	https://www.superherodb.com/pictures2/portraits/10/100/643.jpg
96	Black Bolt	good	Marvel Comics	-	Inhuman	Male	https://www.superherodb.com/pictures2/portraits/10/100/243.jpg
97	Black Canary	good	DC Comics	Dinah Laurel Lance Queen; Dinah Laurel Lance-Windrow	Metahuman	Female	https://www.superherodb.com/pictures2/portraits/10/100/1005.jpg
98	Black Canary	good	DC Comics	-	Human	Female	https://www.superherodb.com/pictures2/portraits/10/100/644.jpg
99	Black Cat	good	Marvel Comics	Felicity Harmon	Human	Female	https://www.superherodb.com/pictures2/portraits/10/100/32.jpg
100	Black Flash	neutral	DC Comics	Barry Allen,Flashback,Slow Lightning,Black Racer,Death Flash,God of Death	God / Eternal	Male	https://www.superherodb.com/pictures2/portraits/10/100/10831.jpg
101	Black Goliath	good	Marvel Comics	-	null	Male	https://www.superherodb.com/pictures2/portraits/10/100/245.jpg
102	Black Knight III	good	Marvel Comics	The Pendragon,Gann Josin,Eobar Garrington	Human	Male	https://www.superherodb.com/pictures2/portraits/10/100/246.jpg
103	Black Lightning	good	DC Comics	-	null	Male	https://www.superherodb.com/pictures2/portraits/10/100/1128.jpg
104	Black Mamba	bad	Marvel Comics	Tanya Sweet	null	Female	https://www.superherodb.com/pictures2/portraits/10/100/1106.jpg
105	Black Manta	bad	DC Comics	Devil Ray,Scourge of the Seven Seas,Yellow Lantern	Human	Male	https://www.superherodb.com/pictures2/portraits/10/100/10546.jpg
106	Black Panther	good	Marvel Comics	Mr. Okonkwo,The Man Without Fear,Luke Charles,Black Leopard,the Client,Coal Tiger,has impersonated Daredevil and others on occasion	Human	Male	https://www.superherodb.com/pictures2/portraits/10/100/247.jpg
107	Black Widow	good	Marvel Comics	"Yelena Belova,Natasha Romanoff,Natasha,Tasha,Madame Natasha,Nancy Rushman,Laura Matthers,Nadine Roman,""Oktober"",Black Pearl,Ebon Flame"	Human	Female	https://www.superherodb.com/pictures2/portraits/10/100/248.jpg
108	Black Widow II	good	Marvel Comics	-	null	Female	https://www.superherodb.com/pictures2/portraits/10/100/618.jpg
109	Blackout	bad	Marvel Comics	-	Demon	Male	https://www.superherodb.com/pictures2/portraits/10/100/1507.jpg
110	Blackwing	bad	Marvel Comics	Blackwing,Joe Manfredi,Joe Silvermane,Guiseppi Manfredi	null	Male	https://www.superherodb.com/pictures2/portraits/10/100/249.jpg
111	Blackwulf	-	Marvel Comics	Pelops,Black Wolf	Alien	Male	https://www.superherodb.com/pictures2/portraits/10/100/1508.jpg
112	Blade	good	Marvel Comics	Switchblade,Frank Blade,Daywalker	Vampire	Male	https://www.superherodb.com/pictures2/portraits/10/100/33.jpg
113	Blaquesmith	good	Vertigo II	-	null	-	https://www.superherodb.com/pictures2/portraits/10/100/34.jpg
114	Bling!	good	Marvel Comics	-	null	Female	https://www.superherodb.com/pictures2/portraits/10/100/1349.jpg
115	Blink	good	Marvel Comics	-	Mutant	Female	https://www.superherodb.com/pictures2/portraits/10/100/35.jpg
116	Blizzard	bad	Marvel Comics	Jack Frost	null	Male	https://www.superherodb.com/pictures2/portraits/10/100/899.jpg
117	Blizzard	bad	Marvel Comics	-	null	Male	https://www.superherodb.com/pictures2/portraits/10/100/898.jpg
118	Blizzard II	bad	Marvel Comics	-	null	Male	https://www.superherodb.com/pictures2/portraits/10/100/619.jpg
119	Blob	bad	Marvel Comics	-	null	Male	https://www.superherodb.com/pictures2/portraits/10/100/1119.jpg
120	Bloodaxe	bad	Marvel Comics	-	Human	Female	https://www.superherodb.com/pictures2/portraits/10/100/1509.jpg
121	Bloodhawk	good	Marvel Comics	Lemuel Halcon	Mutant	Male	https://www.superherodb.com/pictures2/portraits/10/100/1510.jpg
122	Bloodwraith	bad	Marvel Comics	Black Wraith,Blood Wraith	null	Male	https://www.superherodb.com/pictures2/portraits/10/100/186.jpg
123	Blue Beetle	good	DC Comics	Daniel Garret (spelling variation)	null	Male	https://www.superherodb.com/pictures2/portraits/10/100/646.jpg
124	Blue Beetle	good	DC Comics	-	null	Male	https://www.superherodb.com/pictures2/portraits/10/100/1010.jpg
125	Blue Beetle II	good	DC Comics	-	null	Male	https://www.superherodb.com/pictures2/portraits/10/100/1008.jpg
126	Blue Beetle III	good	DC Comics	Scooter	Human	Male	https://www.superherodb.com/pictures2/portraits/10/100/1009.jpg
127	Boba Fett	bad	George Lucas	Teff,Sava Brek Madak,Jaster Mereel,Mandalore,Mand'alor	Human / Clone	Male	https://www.superherodb.com/pictures2/portraits/10/100/10467.jpg
128	Bolt	good	Marvel Comics	-	null	Male	https://www.superherodb.com/pictures2/portraits/10/100/1340.jpg
129	Bomb Queen	bad	Image Comics	-	null	Female	https://www.superherodb.com/pictures2/portraits/10/100/1116.jpg
130	Boom-Boom	good	Meltdown	Time Bomb,Boomer,Meltdown,Tabby,Firecracker,Mutate #35,Nancy Forrester	Mutant	Female	https://www.superherodb.com/pictures2/portraits/10/100/400.jpg
131	Boomer	good	Marvel Comics	-	null	Female	https://www.superherodb.com/pictures2/portraits/10/100/259.jpg
132	Booster Gold	good	DC Comics	Bharjwarj,Bloodspot,Boosteroo,Booster,the Boy Wonder,Buster,Deathstroke,Goldstar,Greatest Hero You've Never Heard Of,Guardian of the Multiverse,Jesus Alvarez,Kid,Killer Moth,The King,Loser Gold,Major Idiot,Man of Gold,Michael Carter,Blac	Human	Male	https://www.superherodb.com/pictures2/portraits/10/100/647.jpg
133	Box	good	Marvel Comics	Omega	null	Male	https://www.superherodb.com/pictures2/portraits/10/100/864.jpg
134	Box III	good	Marvel Comics	Box III,Wanda	null	-	https://www.superherodb.com/pictures2/portraits/10/100/37.jpg
135	Box IV	good	Gemini V	Gemini,Jack-In-The-Box	null	-	https://www.superherodb.com/pictures2/portraits/10/100/38.jpg
136	Brainiac	bad	DC Comics	Milton Fine	Android	Male	https://www.superherodb.com/pictures2/portraits/10/100/648.jpg
137	Brainiac 5	good	DC Comics	-	null	Male	https://www.superherodb.com/pictures2/portraits/10/100/1183.jpg
138	Brother Voodoo	good	Marvel Comics	Doctor Voodoo,Sorcerer Supreme	Human	Male	https://www.superherodb.com/pictures2/portraits/10/100/39.jpg
139	Brundlefly	-		The Fly	Mutant	Male	https://www.superherodb.com/pictures2/portraits/10/100/10642.jpg
140	Buffy	good	Dark Horse Comics	Anne,The Chosen One,The Vampire Slayer,The Slayer,Buff,B,The Buffster,Belinda,Joan	Human	Female	https://www.superherodb.com/pictures2/portraits/10/100/10430.jpg
141	Bullseye	bad	Marvel Comics	Benjamin Poindexter,Daredevil,Punisher,Bullseye,Hawkeye,pitcher	Human	Male	https://www.superherodb.com/pictures2/portraits/10/100/624.jpg
142	Bumblebee	good	DC Comics	-	Human	Female	https://www.superherodb.com/pictures2/portraits/10/100/1542.jpg
143	Bumbleboy	good	Marvel Comics	-	null	Male	https://www.superherodb.com/pictures2/portraits/10/100/1346.jpg
144	Bushido	good	DC Comics	-	Human	Male	https://www.superherodb.com/pictures2/portraits/10/100/1541.jpg
145	Cable	good	Marvel Comics	Chosen One,Soldier X,Nathan Dayspring,Askani'son,Nathan Dayspring Summers,Nathan Winters,The Traveller,The Saviour	Mutant	Male	https://www.superherodb.com/pictures2/portraits/10/100/40.jpg
146	Callisto	bad	Marvel Comics	-	null	Female	https://www.superherodb.com/pictures2/portraits/10/100/271.jpg
147	Cameron Hicks	good	SyFy	-	Alpha	Male	https://www.superherodb.com/pictures2/portraits/10/100/1528.jpg
148	Cannonball	good	Marvel Comics	Formerly Samson Guthry,Sam Guthrie,Jet-Ass	null	Male	https://www.superherodb.com/pictures2/portraits/10/100/272.jpg
149	Captain America	good	Marvel Comics	Nomad,The Captain	Human	Male	https://www.superherodb.com/pictures2/portraits/10/100/274.jpg
150	Captain Atom	good	DC Comics	Monarch,Allen Adam,Cameron Scott	Human / Radiation	Male	https://www.superherodb.com/pictures2/portraits/10/100/1007.jpg
151	Captain Britain	good	Marvel Comics	Britannic,Black Bishop,Jungle Man,King of Otherworld,Merlinson	Human	Male	https://www.superherodb.com/pictures2/portraits/10/100/276.jpg
152	Captain Cold	neutral	DC Comics	Citizen Cold,Kid Kold,Len Snart,Leonard Snart,Leonards Wynters,The Man Who Mastered Absolute Zero	Human	Male	https://www.superherodb.com/pictures2/portraits/10/100/653.jpg
153	Captain Epic	good	Team Epic TV	-	null	Male	https://www.superherodb.com/pictures2/portraits/10/100/3.jpg
154	Captain Hindsight	good	South Park	-	Human	Male	https://www.superherodb.com/pictures2/portraits/10/100/10399.jpg
155	Captain Mar-vell	good	Marvel Comics	Captain Marvel,Dr. Walter Lawson	null	Male	https://www.superherodb.com/pictures2/portraits/10/100/654.jpg
156	Captain Marvel	good	DC Comics	The World's Mightiest Mortal,The Big Red Cheese,Captain Thunder,Shazam	Human	Male	https://www.superherodb.com/pictures2/portraits/10/100/278.jpg
157	Captain Marvel	good	Binary	Ace,Binary,Lady Marvel,Warbird,others used during her espionage career	Human-Kree	Female	https://www.superherodb.com/pictures2/portraits/10/100/103.jpg
158	Captain Marvel II	good	DC Comics	Captain Marvel Jr.,CM3	Human	Male	https://www.superherodb.com/pictures2/portraits/10/100/279.jpg
159	Captain Midnight	good	Dark Horse Comics	Major Midnight,Red,Space-Sovereign,The Skyway Sovereign,The Sky-Lord,The Lord of the Overworld,The Space Sentinel,Jim Albright	Human	Male	https://www.superherodb.com/pictures2/portraits/10/100/10443.jpg
160	Captain Planet	good	Marvel Comics	The Captain,CP,Planet	God / Eternal	Male	https://www.superherodb.com/pictures2/portraits/10/100/1285.jpg
161	Captain Universe	good	Marvel Comics	Guardian of Eternity,The Avenging Angel,The Hero That Could Be You	God / Eternal	-	https://www.superherodb.com/pictures2/portraits/10/100/855.jpg
162	Carnage	bad	Marvel Comics	Mass Carnage,999th	Symbiote	Male	https://www.superherodb.com/pictures2/portraits/10/100/187.jpg
163	Cat	good	Marvel Comics	-	null	Female	https://www.superherodb.com/pictures2/portraits/10/100/904.jpg
164	Cat II	good	Marvel Comics	-	null	Female	https://www.superherodb.com/pictures2/portraits/10/100/903.jpg
165	Catwoman	good	DC Comics	The Cat,Irena Dubrovna,Elva Barr,Sadie Kelowski,Madame Moderne,Marguerite Tone	Human	Female	https://www.superherodb.com/pictures2/portraits/10/100/659.jpg
166	Cecilia Reyes	good	Marvel Comics	-	null	-	https://www.superherodb.com/pictures2/portraits/10/100/43.jpg
167	Century	good	Marvel Comics	-	Alien	Male	https://www.superherodb.com/pictures2/portraits/10/100/1511.jpg
168	Cerebra	good	Marvel Comics	-	Mutant	Female	https://www.superherodb.com/pictures2/portraits/10/100/1512.jpg
169	Chamber	good	Marvel Comics	Decibel,Jono,Jono Hex	Mutant	Male	https://www.superherodb.com/pictures2/portraits/10/100/44.jpg
170	Chameleon	bad	DC Comics	Dr. Ashley Kafka,Dr. Turner,J. Jonah Jameson,Torpedo,Rick Jones,Dr. Henry Pym,Peter Parker,Captain George Stacy,Dr. Robert Bruce Banner,General	null	Male	https://www.superherodb.com/pictures2/portraits/10/100/660.jpg
171	Changeling	bad	Marvel Comics	Professor X,Professor Charles Xavier	null	Male	https://www.superherodb.com/pictures2/portraits/10/100/1107.jpg
172	Cheetah	bad	DC Comics	Kay Carlton,The Cheetah	Human	Female	https://www.superherodb.com/pictures2/portraits/10/100/661.jpg
173	Cheetah II	bad	DC Comics	Debbi,The Cheetah	Human	Female	https://www.superherodb.com/pictures2/portraits/10/100/925.jpg
174	Cheetah III	bad	DC Comics	Barbara Minerva,Bride of Urzkartaga,Priscilla Rich,Deborah Domaine,Sabrina Ballesteros	Human	Female	https://www.superherodb.com/pictures2/portraits/10/100/926.jpg
175	Chromos	bad	Team Epic TV	-	null	Male	https://www.superherodb.com/pictures2/portraits/10/100/1001.jpg
176	Chuck Norris	good	null	Chuck	null	Male	https://www.superherodb.com/pictures2/portraits/10/100/954.jpg
177	Citizen Steel	good	DC Comics	Buckeye,Uncle Nate,Uncle Nathan	Human	Male	https://www.superherodb.com/pictures2/portraits/10/100/10661.jpg
178	Claire Bennet	good	NBC - Heroes	Vivian Lewis,Claire Butler	null	Female	https://www.superherodb.com/pictures2/portraits/10/100/941.jpg
179	Clea	good	Marvel Comics	-	null	-	https://www.superherodb.com/pictures2/portraits/10/100/45.jpg
180	Cloak	good	Marvel Comics	-	null	Male	https://www.superherodb.com/pictures2/portraits/10/100/46.jpg
181	Clock King	bad	DC Comics	Tempus Fugit	Human	Male	https://www.superherodb.com/pictures2/portraits/10/100/10396.jpg
182	Cogliostro	bad	Image Comics	Nicholas Cogliostro,Cog,The Count	null	Male	https://www.superherodb.com/pictures2/portraits/10/100/1074.jpg
183	Colin Wagner	good	HarperCollins	-	null	Male	https://www.superherodb.com/pictures2/portraits/10/100/1153.jpg
184	Colossal Boy	good	DC Comics	-	null	Male	https://www.superherodb.com/pictures2/portraits/10/100/1182.jpg
185	Colossus	good	Marvel Comics	Pete,Peter Nicholas,The Proletarian,Little Brother	Mutant	Male	https://www.superherodb.com/pictures2/portraits/10/100/48.jpg
186	Copycat	neutral	Marvel Comics	Nurse Veronica,Patricia Muggins,Titania,Garrison Kane,Christina Valentino,Domino,Cheryl Marks,Debbie,Marguerite,Amy	Mutant	Female	https://www.superherodb.com/pictures2/portraits/10/100/10423.jpg
187	Corsair	good	Marvel Comics	-	null	Male	https://www.superherodb.com/pictures2/portraits/10/100/49.jpg
188	Cottonmouth	bad	Marvel Comics	Quincy McIver	Human	Male	https://www.superherodb.com/pictures2/portraits/10/100/10452.jpg
189	Crimson Crusader	good	Marvel Comics	-	null	Male	https://www.superherodb.com/pictures2/portraits/10/100/303.jpg
190	Crimson Dynamo	good	Marvel Comics	Krashni Denamit	null	Male	https://www.superherodb.com/pictures2/portraits/10/100/1093.jpg
191	Crystal	good	Marvel Comics	Crys,Exquisite Elemental	Inhuman	Female	https://www.superherodb.com/pictures2/portraits/10/100/305.jpg
192	Curse	bad	Image Comics	-	null	Male	https://www.superherodb.com/pictures2/portraits/10/100/1066.jpg
193	Cy-Gor	bad	Image Comics	-	null	Male	https://www.superherodb.com/pictures2/portraits/10/100/1075.jpg
194	Cyborg	good	DC Comics	Cyberion Technis,Omegadrome,Planet Cyberion	Cyborg	Male	https://www.superherodb.com/pictures2/portraits/10/100/1204.jpg
195	Cyborg Superman	bad	DC Comics	Grandmaster of the Manhunters,Herald of the Anti-Monitor,Alpha-Prime of the Alpha Lanterns	Cyborg	Male	https://www.superherodb.com/pictures2/portraits/10/100/667.jpg
196	Cyclops	good	Marvel Comics	Scotty,Cyke,Slim,Fearless Leader,One-Eye,Erik the Red,Slym Dayspring,Mutate 007,Apocalypse	Mutant	Male	https://www.superherodb.com/pictures2/portraits/10/100/50.jpg
197	Cypher	good	Marvel Comics	-	null	-	https://www.superherodb.com/pictures2/portraits/10/100/168.jpg
198	Dagger	good	Marvel Comics	Lady Light	null	Female	https://www.superherodb.com/pictures2/portraits/10/100/51.jpg
199	Danny Cooper	good	HarperCollins	-	null	Male	https://www.superherodb.com/pictures2/portraits/10/100/1152.jpg
200	Daphne Powell	good	ABC Studios	-	null	Female	https://www.superherodb.com/pictures2/portraits/10/100/1356.jpg
201	Daredevil	good	Marvel Comics	"Matt,Jack Batlin,Kingpin of Crime,Laurent LeVasseur,Michael ""Mike"" Murdock,Scarlet Swashbuckler,Nameless One,Kingpin of Hell's Kitchen,The Man Without Fear,The Guardian Devil,DD,Red,Hornhead,Cooper Peyton,Captain Universe"	Human	Male	https://www.superherodb.com/pictures2/portraits/10/100/52.jpg
202	Darkhawk	good	Marvel Comics	Bucket-Head,Edge-Man,Powell	Human	Male	https://www.superherodb.com/pictures2/portraits/10/100/53.jpg
203	Darkman	good	Universal Studios	-	null	Male	https://www.superherodb.com/pictures2/portraits/10/100/1126.jpg
204	Darkseid	bad	DC Comics	Dark God	New God	Male	https://www.superherodb.com/pictures2/portraits/10/100/668.jpg
205	Darkside	bad	null	-	null	-	https://www.superherodb.com/pictures2/portraits/10/100/840.jpg
206	Darkstar	good	Marvel Comics	Tyomni Zvesda	Mutant	Female	https://www.superherodb.com/pictures2/portraits/10/100/169.jpg
207	Darth Maul	bad	George Lucas	Sith,Master Of The Double-Bladed Lightsaber	Dathomirian Zabrak	Male	https://www.superherodb.com/pictures2/portraits/10/100/10464.jpg
208	Darth Vader	bad	George Lucas	Lord Vader	Cyborg	Male	https://www.superherodb.com/pictures2/portraits/10/100/10444.jpg
209	Dash	good	Dark Horse Comics	The Fastest Kid on Earth,The Dash	Human	Male	https://www.superherodb.com/pictures2/portraits/10/100/824.jpg
210	Data	good	Star Trek	B-4	Android	Male	https://www.superherodb.com/pictures2/portraits/10/100/10577.jpg
211	Dazzler	good	Marvel Comics	Ali,The Disco Dazzler,Songbird,Dazz,Kimberly Schau,Ally	Mutant	Female	https://www.superherodb.com/pictures2/portraits/10/100/1043.jpg
212	Deadman	good	DC Comics	-	Human	Male	https://www.superherodb.com/pictures2/portraits/10/100/1472.jpg
213	Deadpool	neutral	Evil Deadpool	"Wade Wilson,Jack,Chiyonosake (""the Wolf of the Rice Wine""),Rhodes,Corpus,Lopez,Hobgoblin,Thom Cruz,Peter Parker"	Mutant	Male	https://www.superherodb.com/pictures2/portraits/10/100/835.jpg
214	Deadshot	bad	DC Comics	Man Who Never Misses,Worlds Finest Assassin,Orlando Furioso	Human	Male	https://www.superherodb.com/pictures2/portraits/10/100/670.jpg
215	Deathlok	good	Marvel Comics	Demolisher	Cyborg	Male	https://www.superherodb.com/pictures2/portraits/10/100/1304.jpg
216	Deathstroke	neutral	DC Comics	Slade Wilson,Deathstroke the Terminator,Batman	Human	Male	https://www.superherodb.com/pictures2/portraits/10/100/672.jpg
217	Demogoblin	bad	Marvel Comics	Jason Macendale Jr	Demon	Male	https://www.superherodb.com/pictures2/portraits/10/100/1515.jpg
218	Destroyer	bad	Marvel Comics	-	null	Male	https://www.superherodb.com/pictures2/portraits/10/100/1294.jpg
219	Diamondback	bad	Marvel Comics	-	Human	Male	https://www.superherodb.com/pictures2/portraits/10/100/1404.jpg
220	DL Hawkins	good	NBC - Heroes	-	null	Male	https://www.superherodb.com/pictures2/portraits/10/100/943.jpg
221	Doc Samson	good	Marvel Comics	-	Human / Radiation	Male	https://www.superherodb.com/pictures2/portraits/10/100/54.jpg
222	Doctor Doom	bad	Marvel Comics	The Master,Invincible Man	Human	Male	https://www.superherodb.com/pictures2/portraits/10/100/189.jpg
223	Doctor Doom II	bad	Marvel Comics	Victor Von Doom,Dr Doom	null	Male	https://www.superherodb.com/pictures2/portraits/10/100/1018.jpg
224	Doctor Fate	good	DC Comics	Nabu	Human	Male	https://www.superherodb.com/pictures2/portraits/10/100/676.jpg
225	Doctor Octopus	bad	Marvel Comics	Doctor Octopus,Doc Ock,The Master Planner,The Master Programmer,Peter Benjamin Parker,Superior Spider-Man,Venom,Superior Venom	Human	Male	https://www.superherodb.com/pictures2/portraits/10/100/622.jpg
226	Doctor Strange	good	Marvel Comics	Sorcerer Supreme,Master of the Mystic Arts,Stephen Sanders,Captain Universe,Vincent Stevens	Human	Male	https://www.superherodb.com/pictures2/portraits/10/100/55.jpg
227	Domino	good	Marvel Comics	Dom,Samantha Wu,Tamara Winter,Elena Vladescu,Jessica Marie Costello,Luisa Mendoza,Beatrice,Christina Elizabeth Alioso,Priscilla Sutherland,Hope Eldridge	Human	Female	https://www.superherodb.com/pictures2/portraits/10/100/902.jpg
228	Donatello	good	IDW Publishing	Don,Donnie	Mutant	Male	https://www.superherodb.com/pictures2/portraits/10/100/10330.jpg
229	Donna Troy	good	DC Comics	Donna Troy,Wonder Girl,Darkstar,Wonder Woman,Troia	Amazon	Female	https://www.superherodb.com/pictures2/portraits/10/100/806.jpg
230	Doomsday	bad	DC Comics	The Ultimate Lifeform	Alien	Male	https://www.superherodb.com/pictures2/portraits/10/100/679.jpg
231	Doppelganger	bad	Marvel Comics	The Spider-Man Doppelganger,Spider-Doppelganger,Mindless One	null	Male	https://www.superherodb.com/pictures2/portraits/10/100/1320.jpg
232	Dormammu	bad	Marvel Comics	The Dread One,Eater of Souls,Lord of Chaos,Lord of Darkness,the Great Enigma,Flyx	null	Male	https://www.superherodb.com/pictures2/portraits/10/100/1359.jpg
233	Dr Manhattan	good	DC Comics	Jon Osterman,Doctor Manhattan	Human / Cosmic	Male	https://www.superherodb.com/pictures2/portraits/10/100/884.jpg
234	Drax the Destroyer	good	Marvel Comics	-	Human / Altered	Male	https://www.superherodb.com/pictures2/portraits/10/100/10016.jpg
235	Ego	bad	Marvel Comics	The Living Planet	null	-	https://www.superherodb.com/pictures2/portraits/10/100/6.jpg
236	Elastigirl	good	Dark Horse Comics	Mrs Incredible	Human	Female	https://www.superherodb.com/pictures2/portraits/10/100/870.jpg
237	Electro	bad	Marvel Comics	-	Human	Male	https://www.superherodb.com/pictures2/portraits/10/100/7.jpg
238	Elektra	good	Marvel Comics	Erynys (evil self)	Human	Female	https://www.superherodb.com/pictures2/portraits/10/100/625.jpg
239	Elle Bishop	bad	NBC - Heroes	Cindy	null	Female	https://www.superherodb.com/pictures2/portraits/10/100/1021.jpg
240	Elongated Man	good	DC Comics	Alvin Burgson; Molder	null	Male	https://www.superherodb.com/pictures2/portraits/10/100/1381.jpg
241	Emma Frost	good	Marvel Comics	Storm,White Queen	null	Female	https://www.superherodb.com/pictures2/portraits/10/100/325.jpg
242	Enchantress	good	DC Comics	Anita Soulfeeda,Soulsinger	Human	Female	https://www.superherodb.com/pictures2/portraits/10/100/687.jpg
243	Energy	good	HarperCollins	-	null	Female	https://www.superherodb.com/pictures2/portraits/10/100/1155.jpg
244	ERG-1	good	DC Comics	-	null	Male	https://www.superherodb.com/pictures2/portraits/10/100/1187.jpg
245	Ethan Hunt	good	null	-	Human	Male	https://www.superherodb.com/pictures2/portraits/10/100/10476.jpg
246	Etrigan	neutral	DC Comics	Demon	Demon	Male	https://www.superherodb.com/pictures2/portraits/10/100/10429.jpg
247	Evil Deadpool	bad	Deadpool	Dreadpool	Mutant	Male	https://www.superherodb.com/pictures2/portraits/10/100/10090.jpg
248	Evilhawk	bad	Marvel Comics	-	Alien	Male	https://www.superherodb.com/pictures2/portraits/10/100/1516.jpg
249	Exodus	bad	Marvel Comics	Paris Bennet	Mutant	Male	https://www.superherodb.com/pictures2/portraits/10/100/1517.jpg
250	Fabian Cortez	bad	Marvel Comics	-	null	-	https://www.superherodb.com/pictures2/portraits/10/100/24.jpg
251	Falcon	good	Marvel Comics	Sam Wilson,(formerly) Captain America,Blackbird,Blackwing,Brother Superhero	Human	Male	https://www.superherodb.com/pictures2/portraits/10/100/56.jpg
252	Fallen One II	bad	Marvel Comics	-	null	Male	https://www.superherodb.com/pictures2/portraits/10/100/1051.jpg
253	Faora	bad	DC Comics	Katie	Kryptonian	Female	https://www.superherodb.com/pictures2/portraits/10/100/1502.jpg
254	Feral	good	Marvel Comics	-	null	-	https://www.superherodb.com/pictures2/portraits/10/100/57.jpg
255	Fighting Spirit	good	DC Comics	Yankette,Fighting Yank II	null	Female	https://www.superherodb.com/pictures2/portraits/10/100/1167.jpg
256	Fin Fang Foom	good	Marvel Comics	He Whose Limbs Shatter Mountains and Whose Back Scrapes the Sun (translation)	Kakarantharaian	Male	https://www.superherodb.com/pictures2/portraits/10/100/1518.jpg
257	Firebird	good	Marvel Comics	Pajaro Del Fuego,La Espirita,Firemaiden	null	Female	https://www.superherodb.com/pictures2/portraits/10/100/58.jpg
258	Firelord	good	Marvel Comics	Nova Centurion	null	-	https://www.superherodb.com/pictures2/portraits/10/100/59.jpg
259	Firestar	good	Marvel Comics	Angel,Anj,Lady Comet	Mutant	Female	https://www.superherodb.com/pictures2/portraits/10/100/60.jpg
260	Firestorm	good	DC Comics	The Nuclear Man	null	Male	https://www.superherodb.com/pictures2/portraits/10/100/689.jpg
261	Firestorm	good	DC Comics	Ronnie,Roy,Ronald Rockwell,Flamehead	Human	Male	https://www.superherodb.com/pictures2/portraits/10/100/10395.jpg
262	Fixer	bad	Marvel Comics	Fixer	null	-	https://www.superherodb.com/pictures2/portraits/10/100/9.jpg
263	Flash	good	DC Comics	Jay Garrick,Siegfreid the Speedster	Human	Male	https://www.superherodb.com/pictures2/portraits/10/100/891.jpg
264	Flash Gordon	good	null	-	null	Male	https://www.superherodb.com/pictures2/portraits/10/100/1345.jpg
265	Flash II	good	Black Racer	The Scarlet Speedster,the Fastest Man Alive,the Monarch of Motion,the Sultan of Speed	Black Racer	Male	https://www.superherodb.com/pictures2/portraits/10/100/892.jpg
266	Flash III	good	Speed Demon	The Fastest Man Alive,The Scarlet Speedster; formerly,Kid Flash I	Human	Male	https://www.superherodb.com/pictures2/portraits/10/100/690.jpg
267	Flash IV	good	Impulse	Impulse,Kid Flash II	Human	Male	https://www.superherodb.com/pictures2/portraits/10/100/893.jpg
268	Forge	good	Marvel Comics	The Maker,Cheyenne	null	-	https://www.superherodb.com/pictures2/portraits/10/100/62.jpg
269	Franklin Richards	good	Marvel Comics	Franklin Benjamin,Tattletale,Psi-Lord,Ego-Spawn,Avatar	Mutant	Male	https://www.superherodb.com/pictures2/portraits/10/100/63.jpg
270	Franklin Storm	good	Marvel Comics	Franklin Storm was erroneously believed to be the first Invincible Man	null	-	https://www.superherodb.com/pictures2/portraits/10/100/170.jpg
271	Frenzy	bad	Marvel Comics	-	null	Female	https://www.superherodb.com/pictures2/portraits/10/100/1108.jpg
272	Frigga	good	Marvel Comics	Fricka	null	Female	https://www.superherodb.com/pictures2/portraits/10/100/172.jpg
273	Galactus	neutral	Marvel Comics	Maker,Devourer of Worlds,Eater-of-Worlds,Ravager of Worlds	Cosmic Entity	Male	https://www.superherodb.com/pictures2/portraits/10/100/862.jpg
274	Gambit	good	Marvel Comics	Death,Le Diable Blanc,formerly Robert Lord,Cajun	Mutant	Male	https://www.superherodb.com/pictures2/portraits/10/100/64.jpg
275	Gamora	good	Marvel Comics	The Deadliest Woman In The Universe,The Most Dangerous Woman in the Galaxy	Zen-Whoberian	Female	https://www.superherodb.com/pictures2/portraits/10/100/65.jpg
276	Garbage Man	good	DC Comics	Richard Morse	Mutant	Male	https://www.superherodb.com/pictures2/portraits/10/100/1467.jpg
277	Gary Bell	good	SyFy	-	Alpha	Male	https://www.superherodb.com/pictures2/portraits/10/100/1526.jpg
278	General Zod	bad	DC Comics	Dru-Zod (possible first name)	Kryptonian	Male	https://www.superherodb.com/pictures2/portraits/10/100/837.jpg
279	Genesis	good	Marvel Comics	Tolliver	null	Male	https://www.superherodb.com/pictures2/portraits/10/100/1055.jpg
280	Ghost Rider	good	Marvel Comics	-	Demon	Male	https://www.superherodb.com/pictures2/portraits/10/100/67.jpg
281	Ghost Rider II	good	Marvel Comics	-	null	-	https://www.superherodb.com/pictures2/portraits/10/100/68.jpg
282	Giant-Man	good	Ant-Man	-	Human	Male	https://www.superherodb.com/pictures2/portraits/10/100/858.jpg
283	Giant-Man II	good	Marvel Comics	-	null	Male	https://www.superherodb.com/pictures2/portraits/10/100/343.jpg
284	Giganta	bad	DC Comics	-	null	Female	https://www.superherodb.com/pictures2/portraits/10/100/1376.jpg
285	Gladiator	neutral	Marvel Comics	Majestor,Praetor,Captain Universe	Strontian	Male	https://www.superherodb.com/pictures2/portraits/10/100/1521.jpg
286	Goblin Queen	bad	Marvel Comics	Anodyne,Maddie,Lyne,Red,Madelyne Pryor-Summers	null	Female	https://www.superherodb.com/pictures2/portraits/10/100/1054.jpg
287	Godzilla	bad		Legendary Godzilla,King of the Monsters,Gigantis,Monster Zero-One,God of Destruction,Alpha Predator	Kaiju	-	https://www.superherodb.com/pictures2/portraits/10/100/10590.jpg
288	Gog	bad	DC Comics	Nephut-Sha,Hassan Kareem	null	Male	https://www.superherodb.com/pictures2/portraits/10/100/693.jpg
289	Goku	good	Shueisha	Ultimate Defender,Sayain Monkey,Super Sayain,Z-Fighter,Son-Goku,Lower-Class Sayain,Goku Son	Saiyan	Male	https://www.superherodb.com/pictures2/portraits/10/100/1284.jpg
290	Goliath	good	Atlas	-	null	Male	https://www.superherodb.com/pictures2/portraits/10/100/845.jpg
291	Goliath	good	Hawkeye	-	Human	Male	https://www.superherodb.com/pictures2/portraits/10/100/847.jpg
292	Goliath	good	Ant-Man	Hank Pym	Human	Male	https://www.superherodb.com/pictures2/portraits/10/100/846.jpg
293	Goliath IV	good	Marvel Comics	Giant-Man,Black Goliath	null	Male	https://www.superherodb.com/pictures2/portraits/10/100/879.jpg
294	Gorilla Grodd	bad	DC Comics	William Dawson,King Grodd,Gorilla Grodd,Grodd-Son	Gorilla	Male	https://www.superherodb.com/pictures2/portraits/10/100/694.jpg
295	Granny Goodness	bad	DC Comics	Athena	null	Female	https://www.superherodb.com/pictures2/portraits/10/100/1344.jpg
296	Gravity	good	Marvel Comics	Protector of the Universe	Human	Male	https://www.superherodb.com/pictures2/portraits/10/100/74.jpg
297	Greedo	bad	George Lucas	-	Rodian	Male	https://www.superherodb.com/pictures2/portraits/10/100/10468.jpg
298	Green Arrow	good	DC Comics	The Emerald Archer,Battling Bowman	Human	Male	https://www.superherodb.com/pictures2/portraits/10/100/696.jpg
299	Green Goblin	bad	Marvel Comics	"Normie,Green Goblin,Goblin Lord,Overlord,the Goblin,""Gobby"",Scrier,Commander Osborn,Director Osborn,Iron Patriot"	Human	Male	https://www.superherodb.com/pictures2/portraits/10/100/579.jpg
300	Green Goblin II	bad	Marvel Comics	-	null	Male	https://www.superherodb.com/pictures2/portraits/10/100/25.jpg
301	Green Goblin III	good	Marvel Comics	-	null	Male	https://www.superherodb.com/pictures2/portraits/10/100/351.jpg
302	Green Goblin IV	good	Marvel Comics	-	null	Male	https://www.superherodb.com/pictures2/portraits/10/100/75.jpg
303	Groot	good	Marvel Comics	The Monster from Planet X; His Divine Majesty King Groot the 23rd,Monarch of Planet X,custodian of the branch worlds,ruler of all the shades,Flora colossus Information-silk	Flora Colossus	Male	https://www.superherodb.com/pictures2/portraits/10/100/10017.jpg
304	Guardian	good	Marvel Comics	Weapon Alpha,Antiguard,Vindicator,Mac,Jimmy	Human	Male	https://www.superherodb.com/pictures2/portraits/10/100/76.jpg
305	Guy Gardner	good	DC Comics	Green Lantern,Red Lantern,Warrior	Human-Vuldarian	Male	https://www.superherodb.com/pictures2/portraits/10/100/700.jpg
306	Hal Jordan	good	DC Comics	Parallax,Spectre,Green Lantern	Human	Male	https://www.superherodb.com/pictures2/portraits/10/100/697.jpg
307	Han Solo	good	George Lucas	-	Human	Male	https://www.superherodb.com/pictures2/portraits/10/100/10456.jpg
308	Hancock	good	Sony Pictures	-	Human	Male	https://www.superherodb.com/pictures2/portraits/10/100/1109.jpg
309	Harley Quinn	bad	DC Comics	Harleen Quinzel,Harl,Cupid of Crime,Jane Wisakedjak,Elise Archer,Pumpkin Pooh	Human	Female	https://www.superherodb.com/pictures2/portraits/10/100/701.jpg
310	Harry Potter	good	J. K. Rowling	Triwizard Champion,Seeker,Quidditch Captain,Leader of Dumbledore's Army,Master of Death	Human	Male	https://www.superherodb.com/pictures2/portraits/10/100/10878.jpg
311	Havok	good	Marvel Comics	Mutant X,Goblin Prince	Mutant	Male	https://www.superherodb.com/pictures2/portraits/10/100/77.jpg
312	Hawk	good	DC Comics	Monarch,Extant	null	Male	https://www.superherodb.com/pictures2/portraits/10/100/1382.jpg
313	Hawkeye	good	Goliath	Ronin,Goliath,Golden Archer,the Marksman,Father Time,Longbow	Human	Male	https://www.superherodb.com/pictures2/portraits/10/100/73.jpg
314	Hawkeye II	good	Marvel Comics	Kate Bishop	Human	Female	https://www.superherodb.com/pictures2/portraits/10/100/10043.jpg
315	Hawkgirl	good	DC Comics	Chay-Ara; Sheila Carr; Lady Celia Penbrook,Kate Manser; Shiera Sanders	null	Female	https://www.superherodb.com/pictures2/portraits/10/100/703.jpg
316	Hawkman	good	DC Comics	-	null	Male	https://www.superherodb.com/pictures2/portraits/10/100/839.jpg
317	Hawkwoman	good	DC Comics	Shayera Hall,Hawkgirl	null	Female	https://www.superherodb.com/pictures2/portraits/10/100/702.jpg
318	Hawkwoman II	good	DC Comics	-	null	Female	https://www.superherodb.com/pictures2/portraits/10/100/1129.jpg
319	Hawkwoman III	good	DC Comics	-	null	Female	https://www.superherodb.com/pictures2/portraits/10/100/1130.jpg
320	Heat Wave	bad	DC Comics	Rory Calhoun	Human	Male	https://www.superherodb.com/pictures2/portraits/10/100/705.jpg
321	Hela	bad	Marvel Comics	Goddess of Death	Asgardian	Female	https://www.superherodb.com/pictures2/portraits/10/100/10835.jpg
322	Hellboy	good	Dark Horse Comics	World Destroyer,The Great Beast	Demon	Male	https://www.superherodb.com/pictures2/portraits/10/100/813.jpg
323	Hellcat	good	Marvel Comics	Patsy Walker,Patricia Hellstrom,The Cat	Human	Female	https://www.superherodb.com/pictures2/portraits/10/100/79.jpg
324	Hellstorm	good	Marvel Comics	Antichrist,Black Halo,the Devil,King of Hell,Prince of Lies,Satan,Son of Satan.	null	Male	https://www.superherodb.com/pictures2/portraits/10/100/80.jpg
325	Hercules	good	Marvel Comics	Spider-Herc,The Lion of Olympus,The Defender of Olympus,The Scion of Olympus,Prince of Power,Alcaeus,Herakles,Herc,Harry Cleese,Victor Tegler,Agent 74	Demi-God	Male	https://www.superherodb.com/pictures2/portraits/10/100/78.jpg
326	Hiro Nakamura	good	NBC - Heroes	Jotaro Kujo,Takezo Kensei	null	Male	https://www.superherodb.com/pictures2/portraits/10/100/947.jpg
327	Hit-Girl	good	Icon Comics	Hit Girl,Hitgirl	Human	Female	https://www.superherodb.com/pictures2/portraits/10/100/1336.jpg
328	Hobgoblin	bad	Marvel Comics	-	null	Male	https://www.superherodb.com/pictures2/portraits/10/100/896.jpg
329	Hollow	good	Marvel Comics	Penace,M,Monet St. Croix,Penny,Yvette	null	Female	https://www.superherodb.com/pictures2/portraits/10/100/931.jpg
330	Hope Summers	good	Marvel Comics	Mutant Messiah,Messiah Child,Hub,Throat Slicer,Little Girl,Little Momma	null	Female	https://www.superherodb.com/pictures2/portraits/10/100/1351.jpg
331	Howard the Duck	good	Marvel Comics	Duckman,Iron Duck,Pondhopper,Shang-Op,Cheap Ducktective,Duckboy,Dark Mallard of the Night	null	Male	https://www.superherodb.com/pictures2/portraits/10/100/82.jpg
332	Hulk	good	Marvel Comics	Annihilator,Captain Universe,Joe Fixit,Mr. Fixit,Mechano,Professor,Jade Jaws,Golly Green Giant	Human / Radiation	Male	https://www.superherodb.com/pictures2/portraits/10/100/83.jpg
333	Human Torch	good	Marvel Comics	Matchstick Johnny,Doug Brown	Human / Radiation	Male	https://www.superherodb.com/pictures2/portraits/10/100/362.jpg
334	Huntress	good	Batgirl III	Batgirl,Sicilian,Mafia Princess	null	Female	https://www.superherodb.com/pictures2/portraits/10/100/707.jpg
335	Husk	good	Marvel Comics	Hayseed	Mutant	Female	https://www.superherodb.com/pictures2/portraits/10/100/84.jpg
336	Hybrid	good	Marvel Comics	Guardsman Number Six,Terror of Brooklyn,Riot ,Phage ,Lasher,Agony	Symbiote	Male	https://www.superherodb.com/pictures2/portraits/10/100/10493.jpg
337	Hydro-Man	bad	Marvel Comics	Morrie	null	Male	https://www.superherodb.com/pictures2/portraits/10/100/1451.jpg
338	Hyperion	good	Marvel Comics	Mark Milton,Zhib-Ran,Mr. Kant,Marcus Milton	Eternal	Male	https://www.superherodb.com/pictures2/portraits/10/100/1286.jpg
339	Iceman	good	Marvel Comics	Bobby Drake,Mister Friese,Drake Roberts,Rampage,Frozen One,Iceface	Mutant	Male	https://www.superherodb.com/pictures2/portraits/10/100/816.jpg
340	Impulse	good	Flash IV	Flash IV,Kid Flash II	Human	Male	https://www.superherodb.com/pictures2/portraits/10/100/895.jpg
341	Indiana Jones	good	George Lucas	Indy	Human	Male	https://www.superherodb.com/pictures2/portraits/10/100/10560.jpg
342	Indigo	neutral	DC Comics	Indigo-1	Alien	Female	https://www.superherodb.com/pictures2/portraits/10/100/708.jpg
343	Ink	good	Marvel Comics	-	Mutant	Male	https://www.superherodb.com/pictures2/portraits/10/100/10337.jpg
344	Invisible Woman	good	Marvel Comics	Invisible Girl	Human / Radiation	Female	https://www.superherodb.com/pictures2/portraits/10/100/620.jpg
345	Iron Fist	good	Marvel Comics	Daredevil,Daniel Thomas Rand,the Living Weapon,Young Dragon,Danny Rand	Human	Male	https://www.superherodb.com/pictures2/portraits/10/100/1120.jpg
346	Iron Man	good	Marvel Comics	Iron Knight,Hogan Potts,Spare Parts Man,Cobalt Man II,Crimson Dynamo,Ironman	Human	Male	https://www.superherodb.com/pictures2/portraits/10/100/85.jpg
347	Iron Monger	bad	Marvel Comics	-	null	Male	https://www.superherodb.com/pictures2/portraits/10/100/886.jpg
348	Isis	good	DC Comics	-	null	Female	https://www.superherodb.com/pictures2/portraits/10/100/1164.jpg
349	Jack Bauer	good	null	-	null	Male	https://www.superherodb.com/pictures2/portraits/10/100/1203.jpg
350	Jack of Hearts	good	Marvel Comics	-	Human	Male	https://www.superherodb.com/pictures2/portraits/10/100/86.jpg
351	Jack-Jack	good	Dark Horse Comics	-	Human	Male	https://www.superherodb.com/pictures2/portraits/10/100/871.jpg
352	James Bond	good	Titan Books	007,Commander Bond	Human	Male	https://www.superherodb.com/pictures2/portraits/10/100/10404.jpg
353	James T. Kirk	good	Star Trek	Jim,Captain Kirk	Human	Male	https://www.superherodb.com/pictures2/portraits/10/100/10565.jpg
354	Jar Jar Binks	good	George Lucas	-	Gungan	Male	https://www.superherodb.com/pictures2/portraits/10/100/10563.jpg
355	Jason Bourne	good	null	-	Human	Male	https://www.superherodb.com/pictures2/portraits/10/100/10477.jpg
356	Jean Grey	good	Phoenix	Redd Dayspring,Marvel Girl	Mutant	Female	https://www.superherodb.com/pictures2/portraits/10/100/814.jpg
357	Jean-Luc Picard	good	Star Trek	Locutus	Human	Male	https://www.superherodb.com/pictures2/portraits/10/100/10567.jpg
358	Jennifer Kale	good	Marvel Comics	Wendy the Good Little Witch	null	Female	https://www.superherodb.com/pictures2/portraits/10/100/1321.jpg
359	Jesse Quick	good	Liberty Belle II	-	Human	Female	https://www.superherodb.com/pictures2/portraits/10/100/10544.jpg
360	Jessica Cruz	good	DC Comics	Green Lantern,Power Ring	Human	Female	https://www.superherodb.com/pictures2/portraits/10/100/10650.jpg
361	Jessica Jones	good	Power Woman	Knightress,Madeline,Jewel,Power Woman	Human	Female	https://www.superherodb.com/pictures2/portraits/10/100/10403.jpg
362	Jessica Sanders	good	NBC - Heroes	-	null	Female	https://www.superherodb.com/pictures2/portraits/10/100/1029.jpg
363	Jigsaw	bad	Marvel Comics	Billy the Beaut,Jigsaw Punisher	null	Male	https://www.superherodb.com/pictures2/portraits/10/100/887.jpg
364	Jim Powell	good	ABC Studios	-	null	Male	https://www.superherodb.com/pictures2/portraits/10/100/1354.jpg
365	JJ Powell	good	ABC Studios	-	null	Male	https://www.superherodb.com/pictures2/portraits/10/100/1357.jpg
366	Johann Krauss	good	Dark Horse Comics	-	null	Male	https://www.superherodb.com/pictures2/portraits/10/100/1121.jpg
367	John Constantine	good	DC Comics	Hellblazer	Human	Male	https://www.superherodb.com/pictures2/portraits/10/100/718.jpg
368	John Stewart	good	DC Comics	Green Lantern	Human	Male	https://www.superherodb.com/pictures2/portraits/10/100/873.jpg
369	John Wraith	good	Marvel Comics	Wraith-Man,Kestrel,Expediter,Guardian,Vindicator	null	Male	https://www.superherodb.com/pictures2/portraits/10/100/1314.jpg
370	Joker	bad	DC Comics	Red Hood I,Clown Prince of Crime,Harlequin of Hate,Jack Napier,Joe Kerr,Mr. J	Human	Male	https://www.superherodb.com/pictures2/portraits/10/100/719.jpg
371	Jolt	good	Marvel Comics	Holly Tsuruta,Hallie Shimosato	null	Female	https://www.superherodb.com/pictures2/portraits/10/100/1323.jpg
372	Jubilee	good	Marvel Comics	Jubes	Mutant	Female	https://www.superherodb.com/pictures2/portraits/10/100/87.jpg
373	Judge Dredd	good	Rebellion	The Dead Man,Joe	Human	Male	https://www.superherodb.com/pictures2/portraits/10/100/1163.jpg
374	Juggernaut	neutral	Marvel Comics	Kuurth,Captain Universe	Human	Male	https://www.superherodb.com/pictures2/portraits/10/100/826.jpg
375	Junkpile	bad	Marvel Comics	-	Mutant	Male	https://www.superherodb.com/pictures2/portraits/10/100/10002.jpg
376	Justice	good	Marvel Comics	"Marvel Boy,Manglin' John Mahoney,Astounding Astrovik,Superhuman Penitentiary Prisoner 344678,""Super Tights"""	Human	Male	https://www.superherodb.com/pictures2/portraits/10/100/88.jpg
377	Jyn Erso	good	George Lucas	-	Human	Female	https://www.superherodb.com/pictures2/portraits/10/100/10562.jpg
378	K-2SO	good	George Lucas	Kaytoo Esso,Kay-Tuesso	Android	Male	https://www.superherodb.com/pictures2/portraits/10/100/10643.jpg
379	Kang	bad	Iron Lad	Blue Man,Victor Timely,Blue Totem,Scarlet Centurion,Rama-Tut,King of Kings,Master of Men,Lord of the Seven Suns	null	Male	https://www.superherodb.com/pictures2/portraits/10/100/1053.jpg
380	Kathryn Janeway	good	Star Trek	-	Human	Female	https://www.superherodb.com/pictures2/portraits/10/100/10581.jpg
381	Katniss Everdeen	good		-	Human	Female	https://www.superherodb.com/pictures2/portraits/10/100/10484.jpg
382	Kevin 11	good	DC Comics	Kevin 11,000,Curtis,Osmosian,Kev,Kevin Ethan,Levin,Ultimate Kevin,Doofus,An Empty Shell,Kevin E. Levin	Human	Male	https://www.superherodb.com/pictures2/portraits/10/100/1408.jpg
383	Kick-Ass	good	Icon Comics	Kickass	Human	Male	https://www.superherodb.com/pictures2/portraits/10/100/1158.jpg
384	Kid Flash	good	DC Comics	Kid Lantern	Human	Male	https://www.superherodb.com/pictures2/portraits/10/100/722.jpg
385	Kid Flash II	good	Flash IV	-	null	Male	https://www.superherodb.com/pictures2/portraits/10/100/894.jpg
386	Killer Croc	bad	DC Comics	-	Metahuman	Male	https://www.superherodb.com/pictures2/portraits/10/100/723.jpg
387	Killer Frost	bad	DC Comics	-	Human	Female	https://www.superherodb.com/pictures2/portraits/10/100/10508.jpg
388	Kilowog	good	DC Comics	"Kilo Wog,Green Lantern 674.1,Dark Lantern,The Green Lantern drill sergeant,""Poozer"",Lantern"	Bolovaxian	Male	https://www.superherodb.com/pictures2/portraits/10/100/1428.jpg
389	King Kong	good		the 8th Wonder of the World,King of Skull Island	Animal	Male	https://www.superherodb.com/pictures2/portraits/10/100/10591.jpg
390	King Shark	bad	DC Comics	-	Animal	Male	https://www.superherodb.com/pictures2/portraits/10/100/10512.jpg
391	Kingpin	bad	Marvel Comics	The Brain Washer,Harold Howard,Wilbur	Human	Male	https://www.superherodb.com/pictures2/portraits/10/100/623.jpg
392	Klaw	bad	Marvel Comics	-	Human	Male	https://www.superherodb.com/pictures2/portraits/10/100/1539.jpg
393	Kool-Aid Man	good	null	Pitcher Man	null	Male	https://www.superherodb.com/pictures2/portraits/10/100/1343.jpg
394	Kraven II	bad	Marvel Comics	-	Human	Male	https://www.superherodb.com/pictures2/portraits/10/100/1034.jpg
395	Kraven the Hunter	bad	Marvel Comics	Kraven the Hunter,World's Greatest Hunter,the Grim Hunter	Human	Male	https://www.superherodb.com/pictures2/portraits/10/100/1033.jpg
396	Krypto	good	DC Comics	-	Kryptonian	Male	https://www.superherodb.com/pictures2/portraits/10/100/725.jpg
397	Kyle Rayner	good	DC Comics	Ion,Kyle Vasquez,Parallax,Torch Bearer,Honor Guard,The Last Green Lantern	Human	Male	https://www.superherodb.com/pictures2/portraits/10/100/1409.jpg
398	Kylo Ren	bad	George Lucas	-	Human	Male	https://www.superherodb.com/pictures2/portraits/10/100/10559.jpg
399	Lady Bullseye	bad	Marvel Comics	-	null	Female	https://www.superherodb.com/pictures2/portraits/10/100/1170.jpg
400	Lady Deathstrike	bad	Marvel Comics	Ana Cortes	Cyborg	Female	https://www.superherodb.com/pictures2/portraits/10/100/810.jpg
401	Leader	bad	Marvel Comics	-	null	Male	https://www.superherodb.com/pictures2/portraits/10/100/885.jpg
402	Leech	good	Marvel Comics	-	null	Male	https://www.superherodb.com/pictures2/portraits/10/100/834.jpg
403	Legion	good	Marvel Comics	Jack Wayne,Cyndi,Jemail Karami,Daniel Lucas Haller,Daniel Haller,Rodney,Ian,Lucas,Fanya,Boris,Zachary,Sylvester,God-Mutant	Mutant	Male	https://www.superherodb.com/pictures2/portraits/10/100/10651.jpg
404	Leonardo	good	IDW Publishing	Leo,Ghost of the Jungle,Splinter Jr.	Mutant	Male	https://www.superherodb.com/pictures2/portraits/10/100/10327.jpg
405	Lex Luthor	bad	DC Comics	-	Human	Male	https://www.superherodb.com/pictures2/portraits/10/100/727.jpg
406	Light Lass	good	DC Comics	-	null	Female	https://www.superherodb.com/pictures2/portraits/10/100/1178.jpg
407	Lightning Lad	good	DC Comics	Lightning Boy,Live Wire	null	Male	https://www.superherodb.com/pictures2/portraits/10/100/1177.jpg
408	Lightning Lord	bad	DC Comics	-	null	Male	https://www.superherodb.com/pictures2/portraits/10/100/1179.jpg
409	Living Brain	bad	Marvel Comics	-	null	-	https://www.superherodb.com/pictures2/portraits/10/100/1037.jpg
410	Living Tribunal	neutral	Marvel Comics	Living Trinity,Magistrate,High Judge of The Multiverse,Sir	Cosmic Entity	-	https://www.superherodb.com/pictures2/portraits/10/100/10523.jpg
411	Liz Sherman	good	Dark Horse Comics	-	null	Female	https://www.superherodb.com/pictures2/portraits/10/100/868.jpg
412	Lizard	bad	Marvel Comics	-	Human	Male	https://www.superherodb.com/pictures2/portraits/10/100/11.jpg
413	Lobo	neutral	DC Comics	The Main Man,The 'Bo,Master Frag,Mister Machete,Popebo; He-Who-Devours-Your-Entrails-And-Thoroughly-Enjoys-It	Czarnian	Male	https://www.superherodb.com/pictures2/portraits/10/100/1127.jpg
414	Loki	bad	Marvel Comics	God of Mischief,Gem-Keeper,Walter Lawson,Lester,Loren Olsen,Tyfon,Father Williams,Willie,Tso Zhung; has also impersonated hundreds of others.	Asgardian	Male	https://www.superherodb.com/pictures2/portraits/10/100/928.jpg
415	Longshot	good	Marvel Comics	The Lost Messiah,The Lucky One	Human	Male	https://www.superherodb.com/pictures2/portraits/10/100/1531.jpg
416	Luke Cage	good	Power Man	Carl Lucas,Power Man,Mark Lucas,Hero for Hire,Ace of Spades	Human	Male	https://www.superherodb.com/pictures2/portraits/10/100/269.jpg
417	Luke Campbell	bad	NBC - Heroes	-	null	Male	https://www.superherodb.com/pictures2/portraits/10/100/1311.jpg
418	Luke Skywalker	good	George Lucas	General Skywalker,Master Luke,Jedi	Human	Male	https://www.superherodb.com/pictures2/portraits/10/100/10447.jpg
419	Luna	good	Marvel Comics	-	Human	Female	https://www.superherodb.com/pictures2/portraits/10/100/933.jpg
420	Lyja	good	Marvel Comics	Alicia Masters,Lyja The Lazerfist,Laura Green	null	Female	https://www.superherodb.com/pictures2/portraits/10/100/1017.jpg
421	Mach-IV	bad	Marvel Comics	Beetle,MACH-I,MACH-II,MACH-III,Matthew	null	Male	https://www.superherodb.com/pictures2/portraits/10/100/370.jpg
422	Machine Man	good	Marvel Comics	Sir McHinery,Mister Machine.Machine Man	null	-	https://www.superherodb.com/pictures2/portraits/10/100/90.jpg
423	Magneto	bad	Marvel Comics	The Creator,Erik Magnus Lehnsherr,Michael Xavier,White Pilgrim,Erik the RedThe Master of Magnetism	Mutant	Male	https://www.superherodb.com/pictures2/portraits/10/100/12.jpg
424	Magog	good	DC Comics	-	null	Male	https://www.superherodb.com/pictures2/portraits/10/100/1324.jpg
425	Magus	bad	Marvel Comics	Warlock's Father	null	Male	https://www.superherodb.com/pictures2/portraits/10/100/1297.jpg
426	Man of Miracles	-	Image Comics	Mother Of Existence	God / Eternal	-	https://www.superherodb.com/pictures2/portraits/10/100/10889.jpg
427	Man-Bat	neutral	DC Comics	Kirk Langstrom	Human	Male	https://www.superherodb.com/pictures2/portraits/10/100/731.jpg
428	Man-Thing	good	Marvel Comics	the Vagornus Koth; the Swamp Walker; Mr. Salad; Walking Mulch Heap	null	Male	https://www.superherodb.com/pictures2/portraits/10/100/382.jpg
429	Man-Wolf	good	Marvel Comics	Stargod,Vanwolf,Skywolf	null	Male	https://www.superherodb.com/pictures2/portraits/10/100/91.jpg
430	Mandarin	bad	Marvel Comics	Tem Borjigin,Gene Kahn,Master Khan,Zhang Tong,Mandy	Human	Male	https://www.superherodb.com/pictures2/portraits/10/100/1175.jpg
431	Mantis	good	Marvel Comics	Celestial Madonna,Willow,Lorelei,Mandy Celestine,This One (in referring to herself)	Human-Kree	Female	https://www.superherodb.com/pictures2/portraits/10/100/384.jpg
432	Martian Manhunter	good	DC Comics	ohn Jones; J'Onn J'Onzz (alternate spelling); Big Green Buddy; J.J.; Jolly Green Giant; Light to the Light; Manhunter; Manhunter from Mars; Son of Mars; Bronze Wraith,Bloodwynd,many others	Martian	Male	https://www.superherodb.com/pictures2/portraits/10/100/733.jpg
433	Marvel Girl	good	Marvel Comics	Rachel Grey,formerly Phoenix,Mother Askani,Bright Lady,Aly'zrn Summerset	null	Female	https://www.superherodb.com/pictures2/portraits/10/100/94.jpg
434	Master Brood	good	Team Epic TV	Brood	null	Male	https://www.superherodb.com/pictures2/portraits/10/100/958.jpg
435	Master Chief	good	Microsoft	Blue 1,Sierra 117,Spartan 117,Demon	Human / Altered	Male	https://www.superherodb.com/pictures2/portraits/10/100/1110.jpg
436	Match	bad	DC Comics	Superboy,Superman	null	Male	https://www.superherodb.com/pictures2/portraits/10/100/1459.jpg
437	Matt Parkman	good	NBC - Heroes	-	null	Male	https://www.superherodb.com/pictures2/portraits/10/100/948.jpg
438	Maverick	good	Marvel Comics	Chris,Bolt	null	Male	https://www.superherodb.com/pictures2/portraits/10/100/257.jpg
439	Maxima	bad	DC Comics	Queen Maxima,Empress of the Almeracian Empire	null	Female	https://www.superherodb.com/pictures2/portraits/10/100/1168.jpg
440	Maya Herrera	good	NBC - Heroes	-	null	Female	https://www.superherodb.com/pictures2/portraits/10/100/944.jpg
441	Medusa	good	Marvel Comics	Madam Medusa,Queen Medusa	Inhuman	Female	https://www.superherodb.com/pictures2/portraits/10/100/96.jpg
442	Meltdown	good	Boom-Boom	Boom-Boom,Boomer,Meltdown,Mutate #35,Time Bomb,Nancy Forrester	null	Female	https://www.superherodb.com/pictures2/portraits/10/100/258.jpg
443	Mephisto	bad	Marvel Comics	Satan; Mephistopheles,Lord of Evil,Prince of Devils,Prince of Lies,Lord of the Lower Depths,Satan,Beelzebub,the Devil,Maya,Lucifer,Nick Scratch,the Friend,Legion,numerous others; impersonated Don Blake,many others	null	Male	https://www.superherodb.com/pictures2/portraits/10/100/1322.jpg
444	Mera	good	DC Comics	Queen of Atlantis,Aquawoman,Aquagirl,Water-Woman	Atlantean	Female	https://www.superherodb.com/pictures2/portraits/10/100/1388.jpg
445	Metallo	bad	DC Comics	-	Android	Male	https://www.superherodb.com/pictures2/portraits/10/100/737.jpg
446	Metamorpho	good	DC Comics	The Element Man	null	Male	https://www.superherodb.com/pictures2/portraits/10/100/738.jpg
447	Meteorite	good	Marvel Comics	-	null	Female	https://www.superherodb.com/pictures2/portraits/10/100/1333.jpg
448	Metron	good	DC Comics	-	null	Male	https://www.superherodb.com/pictures2/portraits/10/100/841.jpg
449	Micah Sanders	good	NBC - Heroes	MicahSanders500	null	Male	https://www.superherodb.com/pictures2/portraits/10/100/951.jpg
450	Michelangelo	good	IDW Publishing	Mike,Mikey,Mikester,Michaelangelo	Mutant	Male	https://www.superherodb.com/pictures2/portraits/10/100/10329.jpg
451	Micro Lad	good	DC Comics	Colossal Boy (mostly known as Colossal Boy,although he dislikes that name himself)	null	Male	https://www.superherodb.com/pictures2/portraits/10/100/1181.jpg
452	Mimic	good	Marvel Comics	Cal,Wolverine,Calvin Rankin	null	Male	https://www.superherodb.com/pictures2/portraits/10/100/97.jpg
453	Minna Murray	good	Wildstorm	-	null	Female	https://www.superherodb.com/pictures2/portraits/10/100/881.jpg
454	Misfit	good	Batgirl V	Batgirl	null	Female	https://www.superherodb.com/pictures2/portraits/10/100/1114.jpg
455	Miss Martian	good	DC Comics	Megan Morse; M'Gann M'Orzz (alternate spelling); Martian Girlhunter; Martian Manhunter (Titans Tomorrow alias),Star-Spangled Kid	null	Female	https://www.superherodb.com/pictures2/portraits/10/100/1394.jpg
456	Mister Fantastic	good	Marvel Comics	Mr Fantastic	Human / Radiation	Male	https://www.superherodb.com/pictures2/portraits/10/100/408.jpg
457	Mister Freeze	bad	DC Comics	Mister Zero,Doctor Zero,Doctor Schimmell	Human	Male	https://www.superherodb.com/pictures2/portraits/10/100/742.jpg
458	Mister Knife	bad	Marvel Comics	Jason of Spartax,Jason of Sparta,Star-Lord,Mr Knife	Spartoi	Male	https://www.superherodb.com/pictures2/portraits/10/100/10633.jpg
459	Mister Mxyzptlk	bad	DC Comics	-	God / Eternal	Male	https://www.superherodb.com/pictures2/portraits/10/100/744.jpg
460	Mister Sinister	bad	Marvel Comics	Sinister,Robert Windsor,Arnold Bocklin,Mike Milbury,Apocalypse,Steven Shaffran,Edmond Atkinson,Nate,Administrator Pearson,Nosferatu,Nathan Milbury,Pale Man	Human / Altered	Male	https://www.superherodb.com/pictures2/portraits/10/100/856.jpg
461	Mister Zsasz	bad	DC Comics	Mr Zsasz	Human	Male	https://www.superherodb.com/pictures2/portraits/10/100/1486.jpg
462	Mockingbird	good	Marvel Comics	Barbara Morse-Barton,Roberta Morse,Agent 19,Huntress,Bobbi Van Dyne; once posed as Shooting Star	Human	Female	https://www.superherodb.com/pictures2/portraits/10/100/1328.jpg
463	MODOK	bad	Marvel Comics	M.O.D.O.K.,Mental Organism Designed Only for Killing	Cyborg	Male	https://www.superherodb.com/pictures2/portraits/10/100/10438.jpg
464	Mogo	good	DC Comics	-	Planet	Male	https://www.superherodb.com/pictures2/portraits/10/100/1432.jpg
465	Mohinder Suresh	good	NBC - Heroes	-	null	Male	https://www.superherodb.com/pictures2/portraits/10/100/1313.jpg
466	Moloch	bad	DC Comics	William Edgar Bright,Moloch the Mystic	null	Male	https://www.superherodb.com/pictures2/portraits/10/100/1061.jpg
467	Molten Man	bad	Marvel Comics	-	null	Male	https://www.superherodb.com/pictures2/portraits/10/100/411.jpg
468	Monarch	good	DC Comics	Monarch,Allen Adam,Cameron Scott,Captain Atom	null	Male	https://www.superherodb.com/pictures2/portraits/10/100/1006.jpg
469	Monica Dawson	good	NBC - Heroes	-	null	Female	https://www.superherodb.com/pictures2/portraits/10/100/942.jpg
470	Moon Knight	good	Marvel Comics	Jake Lockley,Steven Grant,Yitzak Topol,Fist of Khonshu,Crescent Crusader,Lunar Legionnaire	Human	Male	https://www.superherodb.com/pictures2/portraits/10/100/415.jpg
471	Moonstone	bad	Marvel Comics	Meteorite, Kate Sorenson	null	Female	https://www.superherodb.com/pictures2/portraits/10/100/100.jpg
472	Morlun	bad	Marvel Comics	-	null	Male	https://www.superherodb.com/pictures2/portraits/10/100/1171.jpg
473	Morph	good	Marvel Comics	-	null	Male	https://www.superherodb.com/pictures2/portraits/10/100/102.jpg
474	Moses Magnum	bad	Marvel Comics	Magnum Force,	null	Male	https://www.superherodb.com/pictures2/portraits/10/100/1020.jpg
475	Mr Immortal	good	Marvel Comics	-	Mutant	Male	https://www.superherodb.com/pictures2/portraits/10/100/10794.jpg
476	Mr Incredible	good	Dark Horse Comics	Mr. I,The Hero's Hero,Bob Parr	Human	Male	https://www.superherodb.com/pictures2/portraits/10/100/869.jpg
477	Ms Marvel II	good	She-Thing	She-Thing	null	Female	https://www.superherodb.com/pictures2/portraits/10/100/897.jpg
478	Multiple Man	good	Marvel Comics	-	null	Male	https://www.superherodb.com/pictures2/portraits/10/100/104.jpg
479	Mysterio	bad	Marvel Comics	Nicholas Macabes,Rudolph Hines,Gerdes,Doctor Ludwig Rinehart	Human	Male	https://www.superherodb.com/pictures2/portraits/10/100/1039.jpg
480	Mystique	bad	Marvel Comics	Mallory Brickman	Mutant	Female	https://www.superherodb.com/pictures2/portraits/10/100/817.jpg
481	Namor	good	Marvel Comics	"Imperius Rex,Dr. G.W. Falton,Sub-Mariner,""Subby"",Namor the First,Avenging Son,Old Man,Rex,Joe Pierre,Lord of the Seven Seas,the Scion of the Deep,Phoenix"	Atlantean	Male	https://www.superherodb.com/pictures2/portraits/10/100/137.jpg
482	Namor	good	Marvel Comics	-	null	Male	https://www.superherodb.com/pictures2/portraits/10/100/105.jpg
483	Namora	good	Marvel Comics	Sub-Mariner,Avenging Daughter,the Sea Beauty	null	Female	https://www.superherodb.com/pictures2/portraits/10/100/1364.jpg
484	Namorita	good	Marvel Comics	Kymaera,Hard	null	Female	https://www.superherodb.com/pictures2/portraits/10/100/106.jpg
485	Naruto Uzumaki	good	Shueisha	-	Human	Male	https://www.superherodb.com/pictures2/portraits/10/100/1540.jpg
486	Nathan Petrelli	good	NBC - Heroes	-	null	Male	https://www.superherodb.com/pictures2/portraits/10/100/949.jpg
487	Nebula	bad	Marvel Comics	-	Luphomoid	Female	https://www.superherodb.com/pictures2/portraits/10/100/10632.jpg
488	Negasonic Teenage Warhead	good	Marvel Comics	Warhead	Mutant	Female	https://www.superherodb.com/pictures2/portraits/10/100/10556.jpg
489	Nick Fury	good	Marvel Comics	Doyle,The Mystery in the Mask,Patch,Scorpio	Human	Male	https://www.superherodb.com/pictures2/portraits/10/100/326.jpg
490	Nightcrawler	good	Marvel Comics	-	null	Male	https://www.superherodb.com/pictures2/portraits/10/100/107.jpg
491	Nightwing	good	Batman II	Freddie Dinardo,Freddy Loyd,The Target,Renegade,The Worlds Greatest Acrobat,The Aerial Avenger,Pixie Boots,The Boy / Teen Wonder,The Worlds Greatest Detective,The Caped Crusader	Human	Male	https://www.superherodb.com/pictures2/portraits/10/100/851.jpg
492	Niki Sanders	good	NBC - Heroes	Jessica,Gina	null	Female	https://www.superherodb.com/pictures2/portraits/10/100/952.jpg
493	Nina Theroux	good	SyFy	-	Alpha	Female	https://www.superherodb.com/pictures2/portraits/10/100/1529.jpg
494	Nite Owl II	good	DC Comics	-	null	Male	https://www.superherodb.com/pictures2/portraits/10/100/1059.jpg
495	Northstar	good	Marvel Comics	Jean-Paul Martin	null	Male	https://www.superherodb.com/pictures2/portraits/10/100/1287.jpg
496	Nova	good	Marvel Comics	Rich,Bucket-Head,Human Rocket,Kid Nova,,Nova Prime,Quasar	Human	Male	https://www.superherodb.com/pictures2/portraits/10/100/109.jpg
497	Nova	good	Marvel Comics	Frances Hyatt,Human Torch	Human / Cosmic	Female	https://www.superherodb.com/pictures2/portraits/10/100/10313.jpg
498	Odin	good	Marvel Comics	All-Father,Sky-Father,Atum-Re,Woden,Wotan,Oden,Orrin,Harbard,King of Asgard	God / Eternal	Male	https://www.superherodb.com/pictures2/portraits/10/100/10388.jpg
499	Offspring	good	DC Comics	Ernie McDunnagh,Plastic Lad	null	Male	https://www.superherodb.com/pictures2/portraits/10/100/1298.jpg
500	Omega Red	bad	Marvel Comics	Arkady Rossovich,Vasyliev Arkady	null	Male	https://www.superherodb.com/pictures2/portraits/10/100/208.jpg
501	Omniscient	good	Team Epic TV	-	null	Male	https://www.superherodb.com/pictures2/portraits/10/100/1003.jpg
502	One Punch Man	good	Shueisha	Caped Baldy	Human	Male	https://www.superherodb.com/pictures2/portraits/10/100/10522.jpg
503	One-Above-All	neutral	Marvel Comics	One Above All	Cosmic Entity	-	https://www.superherodb.com/pictures2/portraits/10/100/10374.jpg
504	Onslaught	bad	Marvel Comics	Charlie Silus,Sir David The Great,Charles Xavier,Magneto,That Which Shall Survive,the Entity,Dark Xavier	Mutant	Male	https://www.superherodb.com/pictures2/portraits/10/100/13.jpg
505	Oracle	good	Batgirl	Batgirl,Babs; Barbie Doll; O; The Masked Maiden; the Dark Knight Damsel	Human	Female	https://www.superherodb.com/pictures2/portraits/10/100/749.jpg
506	Osiris	good	DC Comics	-	null	Male	https://www.superherodb.com/pictures2/portraits/10/100/1165.jpg
507	Overtkill	bad	Image Comics	OvertWar	null	Male	https://www.superherodb.com/pictures2/portraits/10/100/866.jpg
508	Ozymandias	bad	DC Comics	The World's Smartest Man	Human	Male	https://www.superherodb.com/pictures2/portraits/10/100/1063.jpg
509	Parademon	bad	DC Comics	-	Parademon	-	https://www.superherodb.com/pictures2/portraits/10/100/10806.jpg
510	Paul Blart	good	Sony Pictures	Mall Cop	Human	Male	https://www.superherodb.com/pictures2/portraits/10/100/10479.jpg
511	Penance	good	Marvel Comics	-	null	-	https://www.superherodb.com/pictures2/portraits/10/100/929.jpg
512	Penance I	good	Marvel Comics	-	null	Female	https://www.superherodb.com/pictures2/portraits/10/100/930.jpg
513	Penance II	good	Speedball	Formerly Speedball,Masked Marvel	null	Male	https://www.superherodb.com/pictures2/portraits/10/100/900.jpg
514	Penguin	bad	DC Comics	-	Human	Male	https://www.superherodb.com/pictures2/portraits/10/100/753.jpg
515	Phantom	good	DC Comics	Mr Walker; Christopher Standish	null	Male	https://www.superherodb.com/pictures2/portraits/10/100/889.jpg
516	Phantom Girl	good	DC Comics	-	null	Female	https://www.superherodb.com/pictures2/portraits/10/100/1184.jpg
517	Phoenix	good	Jean Grey	Redd Dayspring,Marvel Girl	Mutant	Female	https://www.superherodb.com/pictures2/portraits/10/100/828.jpg
518	Plantman	bad	Marvel Comics	Blackheath	Mutant	Male	https://www.superherodb.com/pictures2/portraits/10/100/10487.jpg
519	Plastic Lad	good	DC Comics	Offspring	null	Male	https://www.superherodb.com/pictures2/portraits/10/100/1299.jpg
520	Plastic Man	good	DC Comics	-	Human	Male	https://www.superherodb.com/pictures2/portraits/10/100/756.jpg
521	Plastique	bad	DC Comics	-	null	Female	https://www.superherodb.com/pictures2/portraits/10/100/1176.jpg
522	Poison Ivy	bad	DC Comics	-	Human	Female	https://www.superherodb.com/pictures2/portraits/10/100/757.jpg
523	Polaris	good	Marvel Comics	Pestilence,formerly Malice,Polarity,Magnetrix,M-2,Magneto the Second	Mutant	Female	https://www.superherodb.com/pictures2/portraits/10/100/1046.jpg
524	Power Girl	good	DC Comics	Karen Starr,Nightwing	Kryptonian	Female	https://www.superherodb.com/pictures2/portraits/10/100/758.jpg
525	Power Man	good	Luke Cage	-	Mutant	Male	https://www.superherodb.com/pictures2/portraits/10/100/1016.jpg
526	Predator	bad	Dark Horse Comics	Hunters,Yautja,Hish	Yautja	Male	https://www.superherodb.com/pictures2/portraits/10/100/10448.jpg
527	Professor X	good	Marvel Comics	Prof,Dr. X,Professor Xavier,formerly Prisoner M-13	Mutant	Male	https://www.superherodb.com/pictures2/portraits/10/100/113.jpg
528	Professor Zoom	bad	DC Comics	Reverse Flash,Black Flash,Adrian Zoom,Mister Zyx	Human	Male	https://www.superherodb.com/pictures2/portraits/10/100/766.jpg
529	Psylocke	good	Marvel Comics	Betsy,Captain Britain,Lady Mandarin	Mutant	Female	https://www.superherodb.com/pictures2/portraits/10/100/114.jpg
530	Punisher	good	Marvel Comics	Big Nothing,Major Bateman,Ted Bishop,Cliff Callador,Castigo,Chaloner,Fred D'Amato,Eastman,Charles Fort,Frank Loomis,McRook,Melchior,Joe Rainey,Frank Rook,Richard Rook,Tony Knowlen Ross,Francis Stronghold,Johnny Tower,Dmitri Velikoff,Fra	Human	Male	https://www.superherodb.com/pictures2/portraits/10/100/112.jpg
531	Purple Man	bad	Marvel Comics	Kilgrave	Human	Male	https://www.superherodb.com/pictures2/portraits/10/100/10451.jpg
532	Pyro	bad	Marvel Comics	-	null	Male	https://www.superherodb.com/pictures2/portraits/10/100/853.jpg
533	Q	-	Star Trek	Q Continuum	God / Eternal	Male	https://www.superherodb.com/pictures2/portraits/10/100/10578.jpg
534	Quantum	good	HarperCollins	-	null	Male	https://www.superherodb.com/pictures2/portraits/10/100/1157.jpg
535	Question	good	DC Comics	Vic Sage	Human	Male	https://www.superherodb.com/pictures2/portraits/10/100/760.jpg
536	Quicksilver	good	Marvel Comics	Pietro Frank,Gypsy Davey,Mateo Maximoff	Mutant	Male	https://www.superherodb.com/pictures2/portraits/10/100/115.jpg
537	Quill	good	Marvel Comics	Max	null	Male	https://www.superherodb.com/pictures2/portraits/10/100/830.jpg
538	Ra's Al Ghul	bad	DC Comics	Demon's Head	Human	Male	https://www.superherodb.com/pictures2/portraits/10/100/761.jpg
539	Rachel Pirzad	good	SyFy	-	Alpha	Female	https://www.superherodb.com/pictures2/portraits/10/100/1530.jpg
540	Rambo	good	null	Raven,Lone Wolf	Human	Male	https://www.superherodb.com/pictures2/portraits/10/100/10475.jpg
541	Raphael	good	IDW Publishing	-	Mutant	Male	https://www.superherodb.com/pictures2/portraits/10/100/10328.jpg
542	Raven	neutral	DC Comics	Pride,Dark Raven	Human	Female	https://www.superherodb.com/pictures2/portraits/10/100/764.jpg
543	Ray	good	DC Comics	-	Human	Male	https://www.superherodb.com/pictures2/portraits/10/100/10204.jpg
544	Razor-Fist II	bad	Marvel Comics	Razorfist	null	Male	https://www.superherodb.com/pictures2/portraits/10/100/935.jpg
545	Red Arrow	good	DC Comics	Arsenal,Speedy	Human	Male	https://www.superherodb.com/pictures2/portraits/10/100/1013.jpg
546	Red Hood	neutral	Robin II	Robin,Red Robin,Batman,Nightwing,Arkham Knight	Human	Male	https://www.superherodb.com/pictures2/portraits/10/100/932.jpg
547	Red Hulk	neutral	Marvel Comics	Rulk,Hulk,Thunderbolt,General Ross	Human / Radiation	Male	https://www.superherodb.com/pictures2/portraits/10/100/1342.jpg
548	Red Mist	bad	Icon Comics	The Red Mist	null	Male	https://www.superherodb.com/pictures2/portraits/10/100/1337.jpg
549	Red Robin	good	Robin III	Alvin Draper,Batman,Robin,Timothy Wayne,Time Drake	Human	Male	https://www.superherodb.com/pictures2/portraits/10/100/10009.jpg
550	Red Skull	bad	Marvel Comics	Dell Rusk,Bettman P. Lyles,the Agent of a Thousand Faces,The Man,Cyrus Fenton,Teacher,Tod March,John Smith,Aleksander Lukin.	null	Male	https://www.superherodb.com/pictures2/portraits/10/100/1392.jpg
551	Red Tornado	good	DC Comics	"Ulthoon,Tornado Tyrant of Rann,Tornado Champion,Tornado Man Dreaming,""Reddy"""	Android	Male	https://www.superherodb.com/pictures2/portraits/10/100/1149.jpg
552	Redeemer II	bad	Image Comics	-	null	Male	https://www.superherodb.com/pictures2/portraits/10/100/1081.jpg
553	Redeemer III	bad	Image Comics	-	null	Male	https://www.superherodb.com/pictures2/portraits/10/100/1092.jpg
554	Renata Soliz	good	HarperCollins	-	null	Female	https://www.superherodb.com/pictures2/portraits/10/100/1151.jpg
555	Rey	good	George Lucas	-	Human	Female	https://www.superherodb.com/pictures2/portraits/10/100/10561.jpg
556	Rhino	bad	Marvel Comics	Alex O'Hirn,Mecha-Rhino	Human / Radiation	Male	https://www.superherodb.com/pictures2/portraits/10/100/15.jpg
557	Rick Flag	bad	DC Comics	-	null	Male	https://www.superherodb.com/pictures2/portraits/10/100/1352.jpg
558	Riddler	bad	DC Comics	E. Nigma,Edward E. Nigma	null	Male	https://www.superherodb.com/pictures2/portraits/10/100/768.jpg
559	Rip Hunter	good	DC Comics	Time Lord,Time Master,Boppy,Dr. Hunter,Mr,Hunter,Carter	Human	Male	https://www.superherodb.com/pictures2/portraits/10/100/10543.jpg
560	Ripcord	good	Marvel Comics	-	null	Female	https://www.superherodb.com/pictures2/portraits/10/100/1291.jpg
561	Robin	good	Batman II	Renegade,The Target,Freddie Dinardo	Human	Male	https://www.superherodb.com/pictures2/portraits/10/100/850.jpg
562	Robin II	good	Red Hood	Red Hood,Red Robin,Batman,Nightwing,Wingman,Jaybird,Arkham Knight	Human	Male	https://www.superherodb.com/pictures2/portraits/10/100/849.jpg
563	Robin III	good	Red Robin	Alvin Draper,Batman,Robin,Timothy Wayne	Human	Male	https://www.superherodb.com/pictures2/portraits/10/100/769.jpg
564	Robin V	good	DC Comics	Batman,Damian al Ghul,Ibn al Xu'ffasch,Redbird	Human	Male	https://www.superherodb.com/pictures2/portraits/10/100/1473.jpg
565	Robin VI	neutral	DC Comics	-	Human	Female	https://www.superherodb.com/pictures2/portraits/10/100/10394.jpg
566	Rocket Raccoon	good	Marvel Comics	Sharpshooting Space Racoon,Rocky Raccoon,Ranger Rocket	Animal	Male	https://www.superherodb.com/pictures2/portraits/10/100/10010.jpg
567	Rogue	good	Marvel Comics	Anna Raven,Doctor Kellogg,Mutate 9602,Irene Adler,Miss Smith	null	Female	https://www.superherodb.com/pictures2/portraits/10/100/831.jpg
568	Ronin	good	Goliath	Formerly Hawkeye,the Marksman,'Br'er Hawkeye',Superhuman Cellblock Prisoner 334556,Longbow,Goliath,Father Time,Louis,Robin Hood,the Hawkeye Kid,Golden Archer,'Purple Man'; impersonated Constrictor & Dreadknight	Human	Male	https://www.superherodb.com/pictures2/portraits/10/100/1202.jpg
569	Rorschach	good	DC Comics	-	Human	Male	https://www.superherodb.com/pictures2/portraits/10/100/771.jpg
570	Sabretooth	bad	Marvel Comics	Slasher,El Tigre	Mutant	Male	https://www.superherodb.com/pictures2/portraits/10/100/17.jpg
571	Sage	good	Marvel Comics	-	null	Female	https://www.superherodb.com/pictures2/portraits/10/100/117.jpg
572	Sandman	neutral	Marvel Comics	Flint Marko,Sylvester Mann,Quarryman	Human	Male	https://www.superherodb.com/pictures2/portraits/10/100/621.jpg
573	Sasquatch	good	Marvel Comics	Box,Wanda Langkowski	null	Male	https://www.superherodb.com/pictures2/portraits/10/100/863.jpg
574	Sauron	bad	J. R. R. Tolkien	Annatar,Gorthaur the Cruel,Sauron the Dark,The Necromancer,Dark Lord of Mordor,Lord of the Rings,The Great Eye	Maiar	Male	https://www.superherodb.com/pictures2/portraits/10/100/10849.jpg
575	Savage Dragon	good	Image Comics	-	null	Male	https://www.superherodb.com/pictures2/portraits/10/100/1117.jpg
576	Scarecrow	bad	DC Comics	-	Human	Male	https://www.superherodb.com/pictures2/portraits/10/100/819.jpg
577	Scarlet Spider	good	Spider-Carnage	Spider-Clone,Spider-Man	Human	Male	https://www.superherodb.com/pictures2/portraits/10/100/174.jpg
578	Scarlet Spider II	good	Marvel Comics	Tarantula,Kaine,Araa Escarlata	Clone	Male	https://www.superherodb.com/pictures2/portraits/10/100/1536.jpg
579	Scarlet Witch	bad	Marvel Comics	Wanda Frank,Wanda Magnus,Ana Maximoff,Gypsy Witch,The Witch	Mutant	Female	https://www.superherodb.com/pictures2/portraits/10/100/444.jpg
580	Scorpia	bad	Marvel Comics	-	null	Female	https://www.superherodb.com/pictures2/portraits/10/100/1123.jpg
581	Scorpion	bad	Venom III	Venom,Spider-Man	Human	Male	https://www.superherodb.com/pictures2/portraits/10/100/1041.jpg
582	Sebastian Shaw	bad	Marvel Comics	-	Mutant	Male	https://www.superherodb.com/pictures2/portraits/10/100/1482.jpg
583	Sentry	neutral	Marvel Comics	Void,Bob,Golden Guardian of Good,John Victor Williams,Scout	Mutant	Male	https://www.superherodb.com/pictures2/portraits/10/100/447.jpg
584	Shadow King	good	Marvel Comics	Professor X,Ananasi,Amahl Farouk,Evil One,Master of the Games; he also impersonated the following mind-controlled subjects (in chronological order): Alexander Flynn,Karma,Cypher,Jacob Reisz,Donald Pierce and probably others	null	-	https://www.superherodb.com/pictures2/portraits/10/100/121.jpg
585	Shadow Lass	good	DC Comics	-	Talokite	Female	https://www.superherodb.com/pictures2/portraits/10/100/1195.jpg
586	Shadowcat	good	Marvel Comics	Kitty Pryde,Ariel,Sprite,Cat	Mutant	Female	https://www.superherodb.com/pictures2/portraits/10/100/122.jpg
587	Shang-Chi	good	Marvel Comics	The Master of Kung Fu; The Rising and Advancing of the Spirit; Chinaman (by Jack Tarr)	Human	Male	https://www.superherodb.com/pictures2/portraits/10/100/454.jpg
588	Shatterstar	good	Marvel Comics	Benjamin Russell	null	Male	https://www.superherodb.com/pictures2/portraits/10/100/124.jpg
589	She-Hulk	good	Marvel Comics	Jade Giantess	Human	Female	https://www.superherodb.com/pictures2/portraits/10/100/125.jpg
590	She-Thing	good	Ms Marvel II	Thing,Ms Marvel	Human / Radiation	Female	https://www.superherodb.com/pictures2/portraits/10/100/461.jpg
591	Shocker	bad	Marvel Comics	-	Human	Male	https://www.superherodb.com/pictures2/portraits/10/100/19.jpg
592	Shriek	good	Marvel Comics	Sandra Deel	null	Female	https://www.superherodb.com/pictures2/portraits/10/100/1319.jpg
593	Shrinking Violet	good	DC Comics	-	null	Female	https://www.superherodb.com/pictures2/portraits/10/100/1188.jpg
594	Sif	good	Marvel Comics	Lady Sif,Erika Velez,Mrs. Chambers,Sybil	Asgardian	Female	https://www.superherodb.com/pictures2/portraits/10/100/1533.jpg
595	Silk	good	Marvel Comics	-	Human	Female	https://www.superherodb.com/pictures2/portraits/10/100/10495.jpg
596	Silk Spectre	good	DC Comics	Sally Jupiter	null	Female	https://www.superherodb.com/pictures2/portraits/10/100/1057.jpg
597	Silk Spectre II	good	DC Comics	-	null	Female	https://www.superherodb.com/pictures2/portraits/10/100/1058.jpg
598	Silver Surfer	good	Marvel Comics	-	Alien	Male	https://www.superherodb.com/pictures2/portraits/10/100/127.jpg
599	Silverclaw	good	Marvel Comics	La Garra Argentado,Daughter of the Volcano God,	null	Female	https://www.superherodb.com/pictures2/portraits/10/100/1019.jpg
600	Simon Baz	good	DC Comics	Green Lantern,White Lantern	Human	Male	https://www.superherodb.com/pictures2/portraits/10/100/10649.jpg
601	Sinestro	neutral	DC Comics	Green Lantern,White Lantern,Yellow Lantern,Parallax,Indigo Lantern	Korugaran	Male	https://www.superherodb.com/pictures2/portraits/10/100/781.jpg
602	Siren	bad	DC Comics	-	Atlantean	Female	https://www.superherodb.com/pictures2/portraits/10/100/1387.jpg
603	Siren II	bad	DC Comics	-	null	Female	https://www.superherodb.com/pictures2/portraits/10/100/1386.jpg
604	Siryn	bad	Marvel Comics	Theresa Rourke	null	Female	https://www.superherodb.com/pictures2/portraits/10/100/833.jpg
605	Skaar	good	Marvel Comics	Savior,Son of Hulk,WorldBreaker,Long Hair,Little Monster,Conan	null	Male	https://www.superherodb.com/pictures2/portraits/10/100/1341.jpg
606	Snake-Eyes	bad	Marvel Comics	Xanthian Boulder Crusher	Animal	Male	https://www.superherodb.com/pictures2/portraits/10/100/10437.jpg
607	Snowbird	good	Marvel Comics	Anne McKenzie-Thompson	null	Female	https://www.superherodb.com/pictures2/portraits/10/100/130.jpg
608	Sobek	good	DC Comics	Sobek the Talking Crocodile; The Unknown in Formless Time Before Time; Famine	null	Male	https://www.superherodb.com/pictures2/portraits/10/100/1166.jpg
609	Solomon Grundy	bad	DC Comics	Marshland Monster	Zombie	Male	https://www.superherodb.com/pictures2/portraits/10/100/782.jpg
610	Songbird	good	Marvel Comics	Screaming Mimi,Mimi Schwartz,Margie Green	null	Female	https://www.superherodb.com/pictures2/portraits/10/100/131.jpg
611	Space Ghost	good	DC Comics	Ted Ghostel,Tad Ghostal	Human	Male	https://www.superherodb.com/pictures2/portraits/10/100/1505.jpg
612	Spawn	good	Image Comics	The One,Hellspawn	Demon	Male	https://www.superherodb.com/pictures2/portraits/10/100/842.jpg
613	Spectre	good	Aztar	Spirit of Vengeance,Wrath of God,Spirit of Redemption,Raguel,James Corrigan,Hal Jordan,Cripus Allen	God / Eternal	Male	https://www.superherodb.com/pictures2/portraits/10/100/784.jpg
614	Speedball	good	Penance II	Penance,Masked Marvel	null	Male	https://www.superherodb.com/pictures2/portraits/10/100/132.jpg
615	Speedy	good	DC Comics	Thea Merlyn,Mia,Red Arrow	Human	Female	https://www.superherodb.com/pictures2/portraits/10/100/10558.jpg
616	Speedy	good	Arsenal	-	Human	Male	https://www.superherodb.com/pictures2/portraits/10/100/1015.jpg
617	Spider-Carnage	bad	Scarlet Spider	-	Symbiote	Male	https://www.superherodb.com/pictures2/portraits/10/100/957.jpg
618	Spider-Girl	good	Marvel Comics	-	Human	Female	https://www.superherodb.com/pictures2/portraits/10/100/480.jpg
619	Spider-Gwen	good	Marvel Comics	Spider-Woman	Human	Female	https://www.superherodb.com/pictures2/portraits/10/100/10507.jpg
620	Spider-Man	good	Marvel Comics	Spiderman,Bag-Man,Black Marvel,Captain Universe,Dusk,Green Hood,Hornet,Mad Dog 336,Peter Palmer,Prodigy,Ricochet,Scarlet Spider,Spider-Boy,Spider-Hulk,Spider-Morphosis	Human	Male	https://www.superherodb.com/pictures2/portraits/10/100/133.jpg
621	Spider-Man	good	Marvel Comics	Spider-Man 2099,Spiderman	Human	-	https://www.superherodb.com/pictures2/portraits/10/100/479.jpg
622	Spider-Man	good	Marvel Comics	Spiderman	Human	Male	https://www.superherodb.com/pictures2/portraits/10/100/10647.jpg
623	Spider-Woman	good	Marvel Comics	Arachne,Ariadne Hyde,Dark Angel,Dark Angel of San Francisco	Human	Female	https://www.superherodb.com/pictures2/portraits/10/100/481.jpg
624	Spider-Woman II	good	Marvel Comics	-	null	Female	https://www.superherodb.com/pictures2/portraits/10/100/483.jpg
625	Spider-Woman III	good	Marvel Comics	-	null	Female	https://www.superherodb.com/pictures2/portraits/10/100/482.jpg
626	Spider-Woman IV	bad	Marvel Comics	Spider-Woman	null	Female	https://www.superherodb.com/pictures2/portraits/10/100/883.jpg
627	Spock	good	Star Trek	-	Human-Vulcan	Male	https://www.superherodb.com/pictures2/portraits/10/100/10566.jpg
628	Spyke	good	Marvel Comics	Porcupine,Armadillo	Mutant	Male	https://www.superherodb.com/pictures2/portraits/10/100/1455.jpg
629	Stacy X	good	Marvel Comics	-	null	Female	https://www.superherodb.com/pictures2/portraits/10/100/485.jpg
630	Star-Lord	good	Marvel Comics	Starlord	Human-Spartoi	Male	https://www.superherodb.com/pictures2/portraits/10/100/10015.jpg
631	Stardust	good	Marvel Comics	Entity Lambda-Zero	null	Male	https://www.superherodb.com/pictures2/portraits/10/100/1052.jpg
632	Starfire	good	DC Comics	Princess Koriand'r,Kory Anders,Nova	Tamaranean	Female	https://www.superherodb.com/pictures2/portraits/10/100/786.jpg
633	Stargirl	good	DC Comics	Star-Spangled Kid,Star,Stars	Human	Female	https://www.superherodb.com/pictures2/portraits/10/100/1326.jpg
634	Static	good	DC Comics	Sparky,Virg,V,V-Man	Mutant	Male	https://www.superherodb.com/pictures2/portraits/10/100/1471.jpg
635	Steel	good	DC Comics	Man of Steel,Henry Johnson	null	Male	https://www.superherodb.com/pictures2/portraits/10/100/1383.jpg
636	Stephanie Powell	good	ABC Studios	-	null	Female	https://www.superherodb.com/pictures2/portraits/10/100/1355.jpg
637	Steppenwolf	bad	DC Comics	Steppenwulf	New God	Male	https://www.superherodb.com/pictures2/portraits/10/100/10653.jpg
638	Storm	good	Marvel Comics	Ororo Iqadi T'Challa,Queen Ororo,Ororo Komo Wakandas,White Queen,Weather Witch,Windrider,Goddess,Mistress of the Elements,Princess of N'Dare,High Priestess Windrider,Goddess,Mistress of the Elements,Princess of N'Dare,High Priestess	Mutant	Female	https://www.superherodb.com/pictures2/portraits/10/100/135.jpg
639	Stormtrooper	bad	George Lucas	-	Human	Male	https://www.superherodb.com/pictures2/portraits/10/100/10539.jpg
640	Sunspot	good	Marvel Comics	Robert DaCosta,Bobby; Black Rook,Black King,Reignfire	Mutant	Male	https://www.superherodb.com/pictures2/portraits/10/100/138.jpg
641	Superboy	good	DC Comics	Experiment 13; Superman; Project: Superman; Carl Krummett; Project: Lionel Luthor; The Metropolis Kid,Superman	null	Male	https://www.superherodb.com/pictures2/portraits/10/100/789.jpg
642	Superboy-Prime	bad	DC Comics	Superman-Prime; Prime; Superboy; Clark Kent; Clarkie; Time Trapper	Kryptonian	Male	https://www.superherodb.com/pictures2/portraits/10/100/1535.jpg
643	Supergirl	good	DC Comics	Linda Lang,Kara-El,Kara Kent,Flamebird,Trinity Child,Teen of Tomorrow,The Girl of Steel,The Maid of Might,The Princess of Power,Mighty Maid,Claire Connors,Bluebird	Kryptonian	Female	https://www.superherodb.com/pictures2/portraits/10/100/790.jpg
644	Superman	good	Superman Prime One-Million	Clark Joseph Kent,The Man of Steel,the Man of Tomorrow,the Last Son of Krypton,Big Blue,the Metropolis Marvel,the Action Ace	Kryptonian	Male	https://www.superherodb.com/pictures2/portraits/10/100/791.jpg
645	Swamp Thing	bad	DC Comics	Green Man,Swampy,the Weed,Le Bon Gumbo,Smalsh-Yegger (on Rann)	God / Eternal	Male	https://www.superherodb.com/pictures2/portraits/10/100/792.jpg
646	Swarm	bad	Marvel Comics	-	Mutant	Male	https://www.superherodb.com/pictures2/portraits/10/100/10428.jpg
647	Sylar	bad	NBC - Heroes	Gabriel Sylar,Drew O'Grady,Dr. Suresh,Zane Taylor,Isaac Mendez	null	Male	https://www.superherodb.com/pictures2/portraits/10/100/953.jpg
648	Synch	good	Marvel Comics	-	null	Male	https://www.superherodb.com/pictures2/portraits/10/100/175.jpg
649	T-1000	bad	Dark Horse Comics	T-1001,T-1002	Android	Male	https://www.superherodb.com/pictures2/portraits/10/100/10411.jpg
650	T-800	bad	Dark Horse Comics	Terminator	Cyborg	Male	https://www.superherodb.com/pictures2/portraits/10/100/10409.jpg
651	T-850	bad	Dark Horse Comics	Terminator	Cyborg	Male	https://www.superherodb.com/pictures2/portraits/10/100/10410.jpg
652	T-X	bad	Dark Horse Comics	-	Cyborg	Female	https://www.superherodb.com/pictures2/portraits/10/100/10412.jpg
653	Taskmaster	bad	Marvel Comics	-	Human	Male	https://www.superherodb.com/pictures2/portraits/10/100/21.jpg
654	Tempest	good	Angel Salvadore	-	null	Female	https://www.superherodb.com/pictures2/portraits/10/100/1407.jpg
655	Thanos	bad	Marvel Comics	The Mad Titan,Masterlord,The Overmaster,Chins	Eternal	Male	https://www.superherodb.com/pictures2/portraits/10/100/1305.jpg
656	The Cape	good	null	Cape	null	Male	https://www.superherodb.com/pictures2/portraits/10/100/1375.jpg
657	The Comedian	neutral	DC Comics	Eddie Blake	Human	Male	https://www.superherodb.com/pictures2/portraits/10/100/1062.jpg
658	Thing	good	Marvel Comics	Blackbeard the Pirate,Grim Ben,Dr. Josiah Verpoorteen	Human / Radiation	Male	https://www.superherodb.com/pictures2/portraits/10/100/139.jpg
659	Thor	good	Rune King Thor	Donald Blake,Sigurd Jarlson,Jake Olsen,Donar the Mighty	Asgardian	Male	https://www.superherodb.com/pictures2/portraits/10/100/140.jpg
660	Thor Girl	good	Marvel Comics	Asgard Lass,the Designate,the Destroyer,Hammerette,Hammer Girl,Hammer Lass,Tara Olson,Spirit of the Jewel,the Supreme,Thoreta,Thorita,Thor Lass	Asgardian	Female	https://www.superherodb.com/pictures2/portraits/10/100/1296.jpg
661	Thunderbird	good	Marvel Comics	-	null	Male	https://www.superherodb.com/pictures2/portraits/10/100/611.jpg
662	Thunderbird II	good	Warpath	-	null	Male	https://www.superherodb.com/pictures2/portraits/10/100/927.jpg
663	Thunderbird III	good	Marvel Comics	-	null	Male	https://www.superherodb.com/pictures2/portraits/10/100/141.jpg
664	Thunderstrike	good	Marvel Comics	Thor	null	Male	https://www.superherodb.com/pictures2/portraits/10/100/177.jpg
665	Thundra	good	Marvel Comics	-	null	Female	https://www.superherodb.com/pictures2/portraits/10/100/508.jpg
666	Tiger Shark	bad	Marvel Comics	Arlys Tigershark	Human	Male	https://www.superherodb.com/pictures2/portraits/10/100/10047.jpg
667	Tigra	good	Marvel Comics	The Cat,Greer Sorenson	null	Female	https://www.superherodb.com/pictures2/portraits/10/100/42.jpg
668	Tinkerer	bad	Marvel Comics	-	null	Male	https://www.superherodb.com/pictures2/portraits/10/100/1036.jpg
669	Titan	good	HarperCollins	-	null	Male	https://www.superherodb.com/pictures2/portraits/10/100/1154.jpg
670	Toad	neutral	Marvel Comics	The Terrible Toad-King	Mutant	Male	https://www.superherodb.com/pictures2/portraits/10/100/1125.jpg
671	Toxin	good	Marvel Comics	Larry	Symbiote	Male	https://www.superherodb.com/pictures2/portraits/10/100/848.jpg
672	Toxin	good	Anti-Venom	"Eddie,Sister Edwina,""Ed"",Edwin Brock,Venom,Lethal Protector,998th,Anti-Venom,White Venom"	Symbiote	Male	https://www.superherodb.com/pictures2/portraits/10/100/10494.jpg
673	Tracy Strauss	good	NBC - Heroes	Ice Queen	null	Female	https://www.superherodb.com/pictures2/portraits/10/100/1312.jpg
674	Trickster	-	DC Comics	James Jesse	Human	Male	https://www.superherodb.com/pictures2/portraits/10/100/1468.jpg
675	Trigon	bad	DC Comics	Lucifer,Satan,The Devil,Lord Trigon,Master Trigon,King Trigon,Conqueror of Worlds,Ruler of the Five Under Realms	God / Eternal	Male	https://www.superherodb.com/pictures2/portraits/10/100/10703.jpg
676	Triplicate Girl	good	DC Comics	Duo Damsel,Una,Triad	null	Female	https://www.superherodb.com/pictures2/portraits/10/100/1185.jpg
677	Triton	good	Marvel Comics	-	Inhuman	Male	https://www.superherodb.com/pictures2/portraits/10/100/513.jpg
678	Two-Face	bad	DC Comics	Apollo	null	Male	https://www.superherodb.com/pictures2/portraits/10/100/802.jpg
679	Ultragirl	good	Marvel Comics	Suzy Sherman,Ultra-Girl	null	Female	https://www.superherodb.com/pictures2/portraits/10/100/1295.jpg
680	Ultron	bad	Marvel Comics	Crimson Cowl,Great Devil,Great Ultron,Iron Man,Mark,Omega,Ultimate Ultron,Ultron-5 (and hundreds of other sequential numerical designations),Ultron Mark Twelve,Ho Yinsen	Android	Male	https://www.superherodb.com/pictures2/portraits/10/100/1339.jpg
681	Utgard-Loki	bad	Marvel Comics	-	Frost Giant	Male	https://www.superherodb.com/pictures2/portraits/10/100/1484.jpg
682	Vagabond	good	Marvel Comics	-	null	Female	https://www.superherodb.com/pictures2/portraits/10/100/145.jpg
683	Valerie Hart	good	Team Epic TV	-	null	Female	https://www.superherodb.com/pictures2/portraits/10/100/1004.jpg
684	Valkyrie	good	Marvel Comics	Barbara Norriss,Samantha Parrington	null	Female	https://www.superherodb.com/pictures2/portraits/10/100/147.jpg
685	Vanisher	bad	Marvel Comics	Telford Porter	null	Male	https://www.superherodb.com/pictures2/portraits/10/100/1105.jpg
686	Vegeta	bad	Shueisha	Prince Vegeta,The Saiyan Prince,The Prince of all Saiyans,Majin Vegeta,Bejiita,Bejiita no Ouji,Vejita,Vegita,Captain Vegeta,Vegeta-Sama,Makita (Hebrew dub),Bezita (Malaysian dub),Super Vegeta	Saiyan	Male	https://www.superherodb.com/pictures2/portraits/10/100/1206.jpg
687	Venom	bad	Anti-Venom	-	Symbiote	Male	https://www.superherodb.com/pictures2/portraits/10/100/22.jpg
688	Venom II	bad	Marvel Comics	-	null	Male	https://www.superherodb.com/pictures2/portraits/10/100/1124.jpg
689	Venom III	bad	Scorpion	Scorpion	Symbiote	Male	https://www.superherodb.com/pictures2/portraits/10/100/1042.jpg
690	Venompool	-	Deadpool	Deadpool	Symbiote	Male	https://www.superherodb.com/pictures2/portraits/10/100/10618.jpg
691	Vertigo II	good	Blaquesmith	-	null	Female	https://www.superherodb.com/pictures2/portraits/10/100/149.jpg
692	Vibe	good	DC Comics	-	Human	Male	https://www.superherodb.com/pictures2/portraits/10/100/10509.jpg
693	Vindicator	good	Vindicator II	Guardian	Human	Female	https://www.superherodb.com/pictures2/portraits/10/100/150.jpg
694	Vindicator	good	Marvel Comics	-	null	Male	https://www.superherodb.com/pictures2/portraits/10/100/530.jpg
695	Violator	bad	Image Comics	The Clown	null	Male	https://www.superherodb.com/pictures2/portraits/10/100/1064.jpg
696	Violet Parr	good	Dark Horse Comics	Vi (nickname),The Queen of the Unseen,Invisagirl (InvisaVi)	Human	Female	https://www.superherodb.com/pictures2/portraits/10/100/825.jpg
697	Vision	good	Anti-Vision	Victor Shade	Android	Male	https://www.superherodb.com/pictures2/portraits/10/100/532.jpg
698	Vision II	good	Anti-Vision	Victor Shade,Ghost of Stone	null	-	https://www.superherodb.com/pictures2/portraits/10/100/151.jpg
699	Vixen	good	DC Comics	-	Human	Female	https://www.superherodb.com/pictures2/portraits/10/100/10109.jpg
700	Vulcan	good	Marvel Comics	Kid Vulcan	null	Male	https://www.superherodb.com/pictures2/portraits/10/100/854.jpg
701	Vulture	bad	Marvel Comics	-	Human	Male	https://www.superherodb.com/pictures2/portraits/10/100/1031.jpg
702	Walrus	bad	Marvel Comics	-	Human	Male	https://www.superherodb.com/pictures2/portraits/10/100/10058.jpg
703	War Machine	good	Marvel Comics	Rhodey,Iron Man,Jim Rhodes	Human	Male	https://www.superherodb.com/pictures2/portraits/10/100/536.jpg
704	Warbird	good	Binary	Ms. Marvel,Binary	null	Female	https://www.superherodb.com/pictures2/portraits/10/100/153.jpg
705	Warlock	good	Marvel Comics	Him,(in an alternate future) the Magus	null	Male	https://www.superherodb.com/pictures2/portraits/10/100/154.jpg
706	Warp	bad	DC Comics	-	null	Male	https://www.superherodb.com/pictures2/portraits/10/100/1353.jpg
707	Warpath	good	Thunderbird II	Thunderbird	Mutant	Male	https://www.superherodb.com/pictures2/portraits/10/100/541.jpg
708	Wasp	good	Marvel Comics	Pixie	Human	Female	https://www.superherodb.com/pictures2/portraits/10/100/155.jpg
709	Watcher	good	Marvel Comics	-	null	Male	https://www.superherodb.com/pictures2/portraits/10/100/516.jpg
710	Weapon XI	bad	Marvel Comics	weapon 10	null	Male	https://www.superherodb.com/pictures2/portraits/10/100/1318.jpg
711	White Canary	bad	DC Comics	Silk Sister,Sara Lance	Human	Female	https://www.superherodb.com/pictures2/portraits/10/100/10542.jpg
712	White Queen	good	Marvel Comics	White Queen	null	Female	https://www.superherodb.com/pictures2/portraits/10/100/157.jpg
713	Wildfire	good	DC Comics	ERG-1,Atom'x,Randall Burroughs,Jahr-Drake Nigle	null	Male	https://www.superherodb.com/pictures2/portraits/10/100/1186.jpg
714	Winter Soldier	good	Marvel Comics	Bucky,Captain America	Human	Male	https://www.superherodb.com/pictures2/portraits/10/100/10027.jpg
715	Wiz Kid	good	Marvel Comics	-	null	-	https://www.superherodb.com/pictures2/portraits/10/100/159.jpg
716	Wolfsbane	good	Marvel Comics	Grimfang,Mutate #490	null	Female	https://www.superherodb.com/pictures2/portraits/10/100/160.jpg
717	Wolverine	good	Marvel Comics	Weapon X,Weapon Ten,Death,Mutate 9601,Jim Logan,Emilio Garra,Weapon Chi,Experiment X,Agent Ten,Peter Richards,Mai kethLogan,Mr. Patch	Mutant	Male	https://www.superherodb.com/pictures2/portraits/10/100/161.jpg
718	Wonder Girl	good	DC Comics	Cassandra Sandsmark,Cassie,Helen Troy,Wonder Woman,Cassie Sandsmark	Demi-God	Female	https://www.superherodb.com/pictures2/portraits/10/100/1497.jpg
719	Wonder Man	good	Marvel Comics	Wondie,JQ-272712-K	null	Male	https://www.superherodb.com/pictures2/portraits/10/100/162.jpg
720	Wonder Woman	good	DC Comics	Princess Diana,Princess of the Amazons,Goddess of Truth, Wondy,Wonder Girl,The Amazon Princess	Amazon	Female	https://www.superherodb.com/pictures2/portraits/10/100/807.jpg
721	Wondra	good	Marvel Comics	-	null	Female	https://www.superherodb.com/pictures2/portraits/10/100/1290.jpg
722	Wyatt Wingfoot	good	Marvel Comics	-	null	Male	https://www.superherodb.com/pictures2/portraits/10/100/164.jpg
723	X-23	good	Marvel Comics	Laura Logan,Laura Howlett,Laura X,Talon,Wolverine,X23	Mutant / Clone	Female	https://www.superherodb.com/pictures2/portraits/10/100/565.jpg
724	X-Man	good	Marvel Comics	Nate the Great	null	Male	https://www.superherodb.com/pictures2/portraits/10/100/1150.jpg
725	Yellow Claw	bad	Marvel Comics	The Claw	null	Male	https://www.superherodb.com/pictures2/portraits/10/100/23.jpg
726	Yellowjacket	good	Ant-Man	Hank Pym	Human	Male	https://www.superherodb.com/pictures2/portraits/10/100/70.jpg
727	Yellowjacket II	good	Marvel Comics	-	Human	Female	https://www.superherodb.com/pictures2/portraits/10/100/178.jpg
728	Ymir	good	Marvel Comics	Aurgelmir	Frost Giant	Male	https://www.superherodb.com/pictures2/portraits/10/100/179.jpg
729	Yoda	good	George Lucas	-	Yoda's species	Male	https://www.superherodb.com/pictures2/portraits/10/100/10454.jpg
730	Zatanna	good	DC Comics	-	Human	Female	https://www.superherodb.com/pictures2/portraits/10/100/809.jpg
731	Zoom	bad	DC Comics	-	null	Male	https://www.superherodb.com/pictures2/portraits/10/100/1384.jpg
